Dimension_ID,Car_ID,Length,Width,Height
1,1,3990,1680,1505
2,2,3995,1695,1555
3,3,3585,1595,1550
4,4,3995,1745,1510
5,5,4735,1830,1795
6,6,4490,1730,1485
7,7,4630,1777,1432
8,8,4439,1821,1612
9,9,4670,1814,1476
10,10,4331,1822,1671
11,11,3985,1734,1505
12,12,3679,1579,1478
13,13,4490,1730,1485
14,14,4598,1894,1706
15,15,3971,1682,1469
16,16,3695,1600,1560
17,17,3445,1515,1475
18,18,3995,1745,1510
19,19,3655,1620,1675
20,20,4270,1780,1630
21,21,3565,1520,1564
22,22,4384,1699,1466
23,23,3610,1645,1560
24,24,3995,1770,1605
25,25,3545,1490,1475
26,26,3775,1680,1620
27,27,4270,1780,1630
28,28,3610,1680,1500
29,29,3985,1734,1505
30,30,3999,1734,1601
31,31,3995,1770,1605
32,32,4270,1780,1630
33,33,3999,1765,1708
34,34,3999,1765,1708
35,35,3565,1525,1590
36,36,3746,1647,1535
37,37,3992,1677,1537
38,38,4735,1830,1795
39,39,4656,1890,1639
40,40,4270,1780,1665
41,41,4804,2141,1796
42,42,4620,1775,1475
43,43,4701,1826,1427
44,44,4082,1777,1297
45,45,3985,1734,1505
46,46,3920,1726,1930
47,47,3995,1745,1500
48,48,3600,1600,1560
49,49,4490,1730,1485
50,50,4490,1730,1485
51,51,4270,1780,1630
52,52,4270,1780,1630
53,53,3679,1579,1478
54,54,4655,1835,1760
55,55,3746,1647,1535
56,56,4585,1765,1760
57,57,4657,1881,1678
58,58,4395,1818,1640
59,59,4430,1817,1975
60,60,3610,1680,1500
61,61,4633,1811,1429
62,62,4440,1695,1495
63,63,3970,1682,1453
64,64,3995,1790,1640
65,65,3675,1475,1800
66,66,3765,1660,1520
67,67,4648,1881,1661
68,68,4795,1855,1835
69,69,4545,1750,1450
70,70,4107,1677,1165
71,71,3845,1735,1530
72,72,3995,1775,1505
73,73,4456,1796,1416
74,74,4440,1695,1495
75,75,3795,1680,1427
76,76,3955,1694,1544
77,77,3970,1682,1453
78,78,3990,1680,1505
79,79,4825,1825,1480
80,80,3985,1820,1844
81,81,4596,1770,1447
82,82,4385,1831,1608
83,83,3995,1745,1500
84,84,4454,2044,1545
85,85,3995,1745,1500
86,86,4270,1780,1630
87,87,4384,1699,1466
88,88,4596,1770,1447
89,89,4825,1825,1480
90,90,3995,1735,1515
91,91,4331,1822,1671
92,92,3599,1495,1700
93,93,3995,1790,1640
94,94,4886,1938,1762
95,95,4107,1677,1165
96,96,4931,1983,1676
97,97,4686,1810,1409
98,98,3985,1734,1505
99,99,4375,1700,1475
100,100,3990,1680,1505
101,101,4540,1760,1480
102,102,3985,1734,1505
103,103,3765,1660,1520
104,104,4270,1780,1630
105,105,4915,1874,1455
106,106,4454,2044,1545
107,107,3995,1821,1627
108,108,3840,1735,1530
109,109,4107,1677,1165
110,110,3985,1820,1844
111,111,4420,1695,1480
112,112,4879,1854,1474
113,113,4705,1840,1850
114,114,3995,1706,1570
115,115,4386,1699,1466
116,116,3395,1490,1475
117,117,4265,1695,1685
118,118,3565,1525,1590
119,119,3795,1680,1427
120,120,4456,1796,1416
121,121,4598,1894,1706
122,122,3995,1775,1505
123,123,3985,1734,1505
124,124,3970,1682,1453
125,125,3995,1695,1555
126,126,3565,1525,1590
127,127,3765,1660,1520
128,128,3993,1811,1606
129,129,4300,1790,1635
130,130,4318,1805,1548
131,131,5052,1968,1740
132,132,3995,1775,1505
133,133,4370,1700,1475
134,134,3599,1495,1700
135,135,4899,2094,1464
136,136,4495,1817,1975
137,137,3765,1660,1520
138,138,4795,1855,1835
139,139,4107,1677,1165
140,140,4663,1898,1659
141,141,4360,1822,1695
142,142,3995,1695,1555
143,143,4270,1780,1665
144,144,3765,1660,1520
145,145,4395,1818,1640
146,146,4440,1729,1475
147,147,3995,1710,1505
148,148,4107,1677,1165
149,149,4933,1874,1455
150,150,4585,1866,1774
151,151,4315,1800,1645
152,152,3995,1745,1500
153,153,5063,1860,1494
154,154,4296,1695,1685
155,155,4370,1700,1475
156,156,4370,1700,1475
157,157,4600,2069,1724
158,158,4795,1855,1835
159,159,4819,2141,1796
160,160,3995,1660,1520
161,161,5453,1899,1498
162,162,4270,1780,1665
163,163,4655,1835,1760
164,164,4323,1809,1650
165,165,4630,1780,1710
166,166,3395,1490,1475
167,167,4315,1822,1695
168,168,3765,1660,1520
169,169,4440,1695,1495
170,170,4686,1810,1442
171,171,3985,1734,1505
172,172,4000,1642,1522
173,173,4386,1699,1466
174,174,3995,1790,1647
175,175,4585,1890,1785
176,176,4633,1811,1429
177,177,4417,1804,1494
178,178,3539,1495,1700
179,179,4915,1874,1455
180,180,4430,1817,1975
181,181,4899,2094,1464
182,182,4705,1840,1850
183,183,3985,1734,1505
184,184,3999,1765,1708
185,185,5089,1983,1737
186,186,4686,1810,1442
187,187,3565,1520,1564
188,188,4456,1820,1995
189,189,4655,1835,1760
190,190,3760,1690,1530
191,191,3840,1735,1530
192,192,4440,1695,1495
193,193,4555,1770,1755
194,194,4315,1822,1695
195,195,4385,1831,1608
196,196,4781,1911,1774
197,197,4370,1783,1458
198,198,4899,2094,1464
199,199,3995,1695,1555
200,200,4456,1820,1995
201,201,4886,1938,1762
202,202,4420,1695,1480
203,203,4596,1770,1447
204,204,4270,1780,1630
205,205,4868,1854,1471
206,206,4804,2141,1796
207,207,3395,1490,1475
208,208,3995,1710,1505
209,209,4413,1699,1466
210,210,3994,1811,1607
211,211,3995,1695,1555
212,212,3995,1695,1555
213,213,3995,1790,1647
214,214,4413,1699,1466
215,215,4649,1860,1366
216,216,3805,1680,1520
217,217,5157,2183,1659
218,218,4735,1830,1795
219,219,4270,1780,1630
220,220,4795,1855,1835
221,221,4420,1695,1480
222,222,3679,1579,1478
223,223,4915,1874,1455
224,224,4661,1894,1786
225,225,4915,1874,1455
226,226,3715,1680,1620
227,227,3610,1680,1500
228,228,3850,1695,1530
229,229,4456,1820,1995
230,230,4735,1830,1795
231,231,3995,1695,1501
232,232,4819,2141,1796
233,233,4395,1818,1640
234,234,5005,1981,1693
235,235,4795,1855,1835
236,236,4846,1939,1702
237,237,4735,1830,1795
238,238,4886,1938,1762
239,239,4695,1840,1850
240,240,5089,1983,1737
241,241,3655,1620,1675
242,242,3545,1490,1475
243,243,4490,1730,1485
244,244,3840,1735,1530
245,245,4370,1700,1475
246,246,4702,1810,1434
247,247,4868,1854,1471
248,248,3994,1811,1607
249,249,3395,1490,1475
250,250,4585,1890,1785
251,251,4598,1894,1706
252,252,4386,1683,1603
253,253,3827,1742,1615
254,254,3539,1495,1700
255,255,3765,1660,1520
256,256,4440,1695,1495
257,257,3995,1745,1500
258,258,4731,2071,1651
259,259,4886,1938,1762
260,260,4879,2073,1803
261,261,4705,1840,1850
262,262,3679,1579,1478
263,263,4439,1821,1612
264,264,4385,1831,1608
265,265,3520,1475,1690
266,266,3985,1734,1505
267,267,4107,1677,1165
268,268,4585,1890,1785
269,269,3765,1660,1520
270,270,3995,1695,1555
271,271,4846,2155,1705
272,272,4331,1822,1671
273,273,3679,1579,1478
274,274,4300,1790,1635
275,275,3985,1820,1844
276,276,4600,2069,1724
277,277,4841,1846,1468
278,278,3995,1745,1510
279,279,4270,1780,1630
280,280,4735,1830,1795
281,281,3970,1682,1453
282,282,4825,1860,1840
283,283,3620,1475,1460
284,284,4620,1775,1475
285,285,3585,1595,1550
286,286,4788,1903,1791
287,287,3565,1595,1550
288,288,4270,1780,1630
289,289,5130,1934,1850
290,290,4385,1831,1608
291,291,3970,1682,1453
292,292,4107,1677,1165
293,293,4795,1967,1416
294,294,4810,1918,1925
295,295,4385,1831,1608
296,296,3495,1475,1460
297,297,4107,1677,1165
298,298,4370,1700,1475
299,299,3995,1770,1605
300,300,3995,1790,1640
301,301,4648,1881,1661
302,302,3999,1734,1601
303,303,4936,1868,1479
304,304,3990,1680,1505
305,305,4598,1894,1706
306,306,4491,1852,1304
307,307,3599,1495,1700
308,308,4490,1730,1485
309,309,4475,1850,1660
310,310,4107,1677,1165
311,311,3995,1710,1505
312,312,4370,1783,1458
313,313,4705,1840,1850
314,314,4686,1810,1442
315,315,3955,1694,1544
316,316,5246,1899,1494
317,317,3900,1695,1535
318,318,4709,1827,1435
319,319,4465,1900,1635
320,320,4520,1850,1895
321,321,3995,1770,1605
322,322,3971,1682,1469
323,323,3599,1495,1700
324,324,4456,1820,1995
325,325,4107,1677,1165
326,326,3845,1735,1530
327,327,4735,1830,1795
328,328,4395,1818,1640
329,329,3850,1695,1530
330,330,3999,1734,1601
331,331,4420,1695,1480
332,332,4384,1699,1466
333,333,3610,1680,1500
334,334,4315,1822,1695
335,335,4899,2094,1464
336,336,4291,1722,1496
337,337,4585,1890,1785
338,338,4936,1868,1479
339,339,3993,1811,1606
340,340,4655,1965,1922
341,341,4315,1800,1645
342,342,4855,1939,1705
343,343,4922,2004,1745
344,344,3999,1765,1708
345,345,3805,1680,1520
346,346,3985,1734,1505
347,347,4540,1760,1480
348,348,4530,1775,1470
349,349,4385,1831,1608
350,350,3850,1695,1530
351,351,4585,1890,1785
352,352,3985,1820,1855
353,353,3850,1695,1530
354,354,3995,1735,1515
355,355,4705,1840,1850
356,356,4899,2094,1464
357,357,3990,1680,1505
358,358,3636,1475,1670
359,359,3995,1790,1640
360,360,4160,1690,1530
361,361,4560,1730,1487
362,362,4270,1780,1665
363,363,4549,1748,1489
364,364,4475,1850,1660
365,365,4735,1830,1795
366,366,4198,1842,1353
367,367,3746,1647,1535
368,368,3850,1695,1530
369,369,4440,1695,1495
370,370,3395,1490,1475
371,371,4385,1831,1608
372,372,4686,1810,1409
373,373,3993,1811,1606
374,374,3998,1765,1647
375,375,3955,1694,1544
376,376,3585,1595,1550
377,377,3990,1680,1505
378,378,4395,1818,1640
379,379,4686,1810,1442
380,380,3805,1680,1520
381,381,4795,1855,1835
382,382,4420,1695,1480
383,383,3995,1660,1520
384,384,4371,1996,1649
385,385,4657,1881,1678
386,386,4270,1780,1630
387,387,4456,1820,1995
388,388,4323,1809,1650
389,389,4421,1780,1940
390,390,4555,1770,1755
391,391,3884,1695,1510
392,392,4440,1695,1495
393,393,4456,1820,1995
394,394,4861,1864,1483
395,395,3995,1760,1555
396,396,4804,2141,1796
397,397,4490,1730,1485
398,398,5063,1860,1494
399,399,3985,1820,1920
400,400,4440,1695,1495
401,401,4440,1695,1495
402,402,3995,1745,1500
403,403,4370,1783,1458
404,404,3715,1635,1565
405,405,3599,1495,1700
406,406,3636,1475,1670
407,407,3520,1475,1690
408,408,3995,1745,1500
409,409,3991,1750,1605
410,410,3655,1620,1675
411,411,4107,1677,1165
412,412,3515,1500,1510
413,413,3495,1475,1460
414,414,5226,2120,1479
415,415,3565,1520,1564
416,416,4735,1830,1795
417,417,4315,1800,1645
418,418,4300,1790,1635
419,419,4386,1699,1466
420,420,3985,1734,1505
421,421,4440,1695,1495
422,422,3994,1811,1607
423,423,3995,1745,1500
424,424,5130,1934,1850
425,425,4649,1860,1366
426,426,4107,1677,1165
427,427,4656,1890,1639
428,428,4861,1864,1483
429,429,3395,1490,1475
430,430,3795,1680,1427
431,431,3995,1735,1515
432,432,3695,1600,1560
433,433,3765,1660,1520
434,434,4868,1854,1471
435,435,4315,1822,1695
436,436,4633,1811,1429
437,437,4456,1820,1995
438,438,4270,1780,1630
439,439,4265,1695,1685
440,440,3715,1680,1620
441,441,3765,1660,1520
442,442,4440,1695,1495
443,443,5462,1899,1498
444,444,4360,2120,1635
445,445,4585,1890,1785
446,446,4630,1777,1432
447,447,3995,1660,1520
448,448,3539,1475,1700
449,449,5063,1860,1494
450,450,4697,1882,1665
451,451,4788,1903,1791
452,452,3998,1765,1647
453,453,4731,2071,1651
454,454,4630,1777,1432
455,455,4735,1830,1795
456,456,3850,1695,1530
457,457,4097,1789,1561
458,458,3995,1735,1515
459,459,4456,1820,1930
460,460,4413,1703,1550
461,461,3599,1495,1700
462,462,4385,1831,1608
463,463,4445,1775,1700
464,464,3995,1695,1525
465,465,4379,1801,1295
466,466,3850,1695,1530
467,467,4633,1811,1429
468,468,3599,1495,1700
469,469,4375,1700,1475
470,470,3515,1550,1510
471,471,4470,1810,1695
472,472,3765,1660,1520
473,473,4924,2157,1772
474,474,3995,1835,1839
475,475,4440,1695,1495
476,476,4454,2044,1545
477,477,4454,2044,1545
478,478,4107,1677,1165
479,479,4915,1874,1455
480,480,4658,1890,1644
481,481,4624,2031,1429
482,482,4886,1938,1762
483,483,4549,1748,1489
484,484,4568,1952,1213
485,485,4486,1839,1672
486,486,4355,2120,1635
487,487,3539,1475,1700
488,488,4107,1677,1165
489,489,4107,1677,1165
490,490,4891,2003,1719
491,491,3599,1495,1700
492,492,3099,1495,1652
493,493,4107,1677,1165
494,494,3850,1695,1530
495,495,4270,1780,1665
496,496,5063,1860,1494
497,497,4620,1775,1475
498,498,4300,1785,1595
499,499,3995,1745,1500
500,500,4695,1815,1840
501,501,3850,1695,1530
502,502,3995,1695,1555
503,503,4385,1831,1608
504,504,4390,1699,1467
505,505,4892,1860,1837
506,506,3746,1647,1535
507,507,3785,1635,1485
508,508,4315,1800,1645
509,509,4624,2031,1429
510,510,4107,1677,1165
511,511,4459,1924,1165
512,512,4424,1804,1494
513,513,4417,1804,1494
514,514,4686,1810,1442
515,515,3995,1775,1505
516,516,3600,1495,1595
517,517,3539,1475,1700
518,518,3495,1550,1500
519,519,3545,1490,1475
520,520,3495,1475,1460
521,521,4924,2157,1772
522,522,4385,1831,1608
523,523,3565,1595,1550
524,524,3395,1490,1475
525,525,3985,1734,1505
526,526,5219,1902,1481
527,527,4315,1800,1645
528,528,4585,1890,1785
529,529,5060,1788,1826
530,530,4475,1850,1660
531,531,4265,1695,1510
532,532,4384,1699,1466
533,533,3715,1680,1620
534,534,4705,1840,1850
535,535,4490,1730,1485
536,536,3995,1790,1640
537,537,4300,1765,1590
538,538,3971,1682,1469
539,539,3990,1680,1505
540,540,4726,1842,1427
541,541,3999,1765,1708
542,542,4440,1695,1495
543,543,5207,2157,1823
544,544,4598,1894,1706
545,545,4899,2094,1464
546,546,4454,2044,1545
547,547,4454,2044,1545
548,548,4440,1695,1485
549,549,4936,1868,1479
550,550,5120,1934,1850
551,551,3994,1811,1607
552,552,4440,1695,1495
553,553,4430,1817,1975
554,554,4985,1926,1867
555,555,4160,1690,1530
556,556,4385,1831,1608
557,557,3620,1475,1460
558,558,3429,1560,1541
559,559,4657,1881,1678
560,560,3995,1790,1640
561,561,3495,1475,1460
562,562,3995,1735,1515
563,563,3995,1770,1605
564,564,3840,1735,1530
565,565,3845,1735,1530
566,566,4421,1780,1940
567,567,3995,1835,1839
568,568,4585,1760,1760
569,569,4385,1831,1608
570,570,4585,1890,1785
571,571,3985,1734,1505
572,572,4107,1677,1165
573,573,3995,1735,1515
574,574,4633,1811,1429
575,575,3995,1790,1647
576,576,5226,2120,1479
577,577,4861,1864,1483
578,578,5063,1860,1494
579,579,3971,1682,1469
580,580,3995,1790,1640
581,581,3610,1645,1560
582,582,5063,1860,1494
583,583,4999,2220,1835
584,584,3821,1727,1414
585,585,4903,1869,1837
586,586,4315,1822,1695
587,587,3995,1790,1640
588,588,4386,1699,1466
589,589,3999,1765,1708
590,590,4315,1800,1645
591,591,3675,1475,1800
592,592,3995,1790,1640
593,593,3998,1765,1647
594,594,3955,1694,1544
595,595,4300,1785,1595
596,596,5063,1860,1494
597,597,3985,1734,1505
598,598,3599,1495,1700
599,599,3850,1695,1530
600,600,4618,1813,1488
601,601,4726,1842,1427
602,602,3850,1695,1530
603,603,3995,1695,1555
604,604,3765,1660,1520
605,605,4697,1882,1665
606,606,4456,1796,1416
607,607,3995,1695,1555
608,608,3805,1680,1520
609,609,4795,1855,1835
610,610,4726,1842,1427
611,611,3955,1694,1544
612,612,4658,1890,1644
613,613,4107,1677,1165
614,614,4819,2141,1796
615,615,5120,1934,1850
616,616,3600,1600,1560
617,617,3985,1820,1844
618,618,4795,1855,1835
619,619,3495,1550,1500
620,620,3850,1695,1530
621,621,4315,1800,1645
622,622,3655,1620,1675
623,623,3995,1790,1640
624,624,4695,1890,1755
625,625,3655,1620,1675
626,626,3765,1660,1520
627,627,3995,1775,1505
628,628,4420,1695,1480
629,629,4705,1840,1850
630,630,4370,1700,1475
631,631,4899,2094,1464
632,632,3995,1760,1555
633,633,3545,1490,1475
634,634,4107,1677,1165
635,635,4445,1775,1700
636,636,4439,1821,1612
637,637,5120,1934,1850
638,638,4315,1800,1645
639,639,3545,1490,1475
640,640,3993,1677,1532
641,641,3995,1745,1500
642,642,4620,1775,1475
643,643,4107,1677,1165
644,644,5064,1970,1703
645,645,3620,1475,1460
646,646,4585,1890,1785
647,647,3995,1790,1640
648,648,3995,1695,1555
649,649,4107,1677,1165
650,650,3599,1495,1700
651,651,4447,1821,1598
652,652,4530,1775,1470
653,653,4440,1695,1495
654,654,4490,1730,1485
655,655,3825,1665,1530
656,656,3995,1735,1515
657,657,3995,1770,1605
658,658,4701,1839,1674
659,659,4735,1830,1795
660,660,4424,1804,1494
661,661,3995,1745,1500
662,662,4270,1780,1665
663,663,3515,1500,1510
664,664,4440,1695,1485
665,665,4299,1780,1433
666,666,3995,1745,1500
667,667,4270,1780,1665
668,668,5246,1899,1494
669,669,4933,1874,1455
670,670,4440,1729,1475
671,671,4500,1790,1675
672,672,3995,1695,1501
673,673,4296,1695,1685
674,674,3995,1695,1501
675,675,4633,1811,1429
676,676,4879,1854,1474
677,677,4440,1695,1495
678,678,4465,1900,1635
679,679,3999,1734,1601
680,680,4629,1898,1653
681,681,3995,1821,1627
682,682,5067,2091,1457
683,683,4686,1810,1442
684,684,4405,1818,1640
685,685,4655,1835,1760
686,686,4705,1840,1850
687,687,3775,1695,1510
688,688,4585,1890,1785
689,689,3565,1595,1550
690,690,4585,1890,1785
691,691,4430,1817,1975
692,692,4879,2073,1780
693,693,4440,1695,1495
694,694,4701,1826,1427
695,695,3610,1680,1500
696,696,4597,1788,1477
697,697,4270,1780,1665
698,698,4296,1695,1685
699,699,4417,1804,1494
700,700,4800,1832,1485
701,701,3995,1735,1515
702,702,4735,1830,1795
703,703,3995,1695,1501
704,704,4735,1830,1795
705,705,3955,1694,1544
706,706,3995,1695,1525
707,707,3760,1690,1530
708,708,4490,1730,1485
709,709,3695,1600,1560
710,710,3995,1790,1640
711,711,4270,1780,1630
712,712,4456,1796,1416
713,713,4585,1890,1785
714,714,3585,1595,1550
715,715,4370,1700,1475
716,716,3995,1745,1880
717,717,3985,1734,1505
718,718,4701,1826,1427
719,719,4456,1796,1416
720,720,4386,1699,1466
721,721,3765,1660,1520
722,722,4456,1796,1416
723,723,4107,1677,1165
724,724,4686,1810,1442
725,725,4456,1820,1995
726,726,4705,1840,1850
727,727,5063,1860,1494
728,728,4107,1677,1165
729,729,4915,1874,1455
730,730,4107,1677,1165
731,731,4755,1775,1900
732,732,4265,1695,1510
733,733,4585,1866,1774
734,734,4915,1874,1455
735,735,4456,1796,1416
736,736,4585,1760,1760
737,737,4331,1822,1671
738,738,3765,1660,1520
739,739,4795,1855,1835
740,740,3785,1635,1485
741,741,4597,1788,1477
742,742,4300,1790,1635
743,743,4922,2004,1745
744,744,4686,1810,1442
745,745,4370,1783,1458
746,746,3610,1645,1560
747,747,4440,1695,1495
748,748,3850,1727,1414
749,749,3995,1835,1839
750,750,3679,1579,1478
751,751,4924,2157,1772
752,752,4270,1780,1630
753,753,3995,1735,1515
754,754,4454,2044,1545
755,755,3985,1820,1844
756,756,3746,1647,1535
757,757,4596,1770,1447
758,758,4985,1926,1867
759,759,3985,1734,1505
760,760,4454,2044,1545
761,761,4868,1854,1470
762,762,3679,1579,1478
763,763,3995,1790,1640
764,764,3840,1735,1530
765,765,4915,1874,1455
766,766,4440,1695,1495
767,767,3610,1645,1560
768,768,4456,1820,1995
769,769,3765,1660,1520
770,770,4440,1695,1495
771,771,3995,1745,1500
772,772,4633,1811,1429
773,773,4868,1854,1471
774,774,4385,1831,1608
775,775,4886,1938,1762
776,776,4879,1854,1474
777,777,5052,1968,1740
778,778,4425,1695,1505
779,779,3998,1765,1647
780,780,4633,1811,1429
781,781,3985,1820,1844
782,782,3995,1745,1500
783,783,4726,1842,1427
784,784,4296,1695,1685
785,785,4270,1780,1665
786,786,4379,1801,1281
787,787,4633,1811,1429
788,788,4300,1790,1635
789,789,4585,1890,1785
790,790,4658,1890,1644
791,791,3995,1735,1515
792,792,3636,1475,1670
793,793,3610,1680,1500
794,794,4879,2073,1780
795,795,4924,2157,1772
796,796,3840,1735,1530
797,797,4270,1780,1630
798,798,4600,2069,1690
799,799,3995,1760,1555
800,800,4661,1894,1786
801,801,4659,1814,1476
802,802,4933,1874,1455
803,803,4270,1780,1630
804,804,3920,1726,1930
805,805,4385,1831,1608
806,806,3995,1790,1640
807,807,4490,1730,1485
808,808,4417,1804,1494
809,809,3675,1475,1800
810,810,4107,1677,1165
811,811,5247,2110,1448
812,812,5063,1860,1494
813,813,3971,1682,1469
814,814,5219,1902,1481
815,815,4107,1677,1165
816,816,3679,1579,1478
817,817,4475,1850,1660
818,818,3995,1710,1505
819,819,4425,1695,1505
820,820,4355,2120,1635
821,821,4265,1695,1685
822,822,3495,1550,1500
823,823,3765,1660,1520
824,824,4540,1760,1480
825,825,4314,1777,1532
826,826,3850,1695,1530
827,827,4490,1730,1485
828,828,4670,1814,1476
829,829,4600,2069,1724
830,830,4440,1695,1495
831,831,5063,1860,1494
832,832,3679,1579,1478
833,833,4265,1695,1685
834,834,4370,1783,1458
835,835,3995,1745,1500
836,836,3850,1727,1414
837,837,4265,1695,1510
838,838,4314,1777,1532
839,839,4819,2141,1796
840,840,4549,1796,1446
841,841,5130,1934,1850
842,842,4270,1780,1665
843,843,4440,1695,1495
844,844,3995,1745,1500
845,845,3985,1734,1505
846,846,3955,1694,1544
847,847,5076,1871,1473
848,848,3805,1680,1520
849,849,3495,1495,1595
850,850,3985,1734,1505
851,851,4430,1817,1975
852,852,5052,1968,1740
853,853,4735,1830,1795
854,854,4755,1900,1785
855,855,4854,1933,1776
856,856,3990,1680,1505
857,857,4936,1868,1479
858,858,5052,1968,1740
859,859,4530,1775,1470
860,860,4825,1860,1840
861,861,3675,1475,1800
862,862,4762,1847,1433
863,863,4620,1775,1475
864,864,3765,1660,1520
865,865,3746,1647,1535
866,866,4686,1810,1442
867,867,5063,1860,1494
868,868,4386,1699,1466
869,869,4899,2094,1464
870,870,5063,1860,1494
871,871,5089,1983,1737
872,872,4936,1868,1479
873,873,4886,1938,1762
874,874,4315,1822,1695
875,875,5076,1871,1473
876,876,5091,1902,1538
877,877,4695,1840,1850
878,878,3599,1495,1700
879,879,3955,1694,1544
880,880,4314,1777,1532
881,881,4395,1818,1640
882,882,3675,1475,1800
883,883,3985,1734,1505
884,884,3850,1695,1530
885,885,4314,1777,1532
886,886,3995,1695,1555
887,887,3971,1682,1469
888,888,3600,1600,1560
889,889,4620,1775,1475
890,890,4490,1730,1485
891,891,3595,1475,1700
892,892,4456,1820,1930
893,893,4420,1695,1480
894,894,4395,1818,1640
895,895,3585,1595,1550
896,896,4314,1777,1532
897,897,5089,1983,1737
898,898,4490,1730,1485
899,899,3993,1677,1532
900,900,4540,1760,1480
901,901,4841,1846,1468
902,902,4939,1886,1457
903,903,4688,1902,1658
904,904,3995,1790,1640
905,905,4314,1777,1532
906,906,4456,1820,1995
907,907,3620,1475,1460
908,908,3990,1680,1505
909,909,4795,1855,1835
910,910,3993,1811,1606
911,911,4456,1796,1416
912,912,3765,1660,1520
913,913,4903,1869,1837
914,914,4656,1890,1639
915,915,3995,1660,1520
916,916,3679,1579,1478
917,917,4755,1900,1785
918,918,4440,1695,1495
919,919,4657,1881,1678
920,920,4705,1840,1850
921,921,3429,1560,1541
922,922,3585,1595,1550
923,923,3940,1710,1505
924,924,3679,1579,1478
925,925,4440,1695,1495
926,926,3995,1735,1515
927,927,4270,1780,1630
928,928,4735,1830,1795
929,929,4633,1811,1429
930,930,3840,1735,1530
931,931,4370,1700,1475
932,932,3970,1682,1453
933,933,4370,1783,1458
934,934,3994,1758,1572
935,935,3695,1600,1560
936,936,4315,1800,1637
937,937,3610,1645,1560
938,938,4314,1777,1532
939,939,4879,2073,1780
940,940,4735,1830,1795
941,941,4936,1868,1479
942,942,3700,1690,1595
943,943,4655,1965,1922
944,944,4879,1854,1474
945,945,4936,1868,1479
946,946,3850,1695,1530
947,947,3987,1687,1495
948,948,4385,1831,1608
949,949,3999,1734,1601
950,950,4686,1810,1442
951,951,4456,1796,1416
952,952,4424,1804,1494
953,953,4440,1695,1495
954,954,3765,1660,1520
955,955,4300,1765,1590
956,956,4933,1874,1455
957,957,3675,1475,1800
958,958,4695,1890,1755
959,959,4969,2139,1420
960,960,4440,1695,1485
961,961,5089,1983,1737
962,962,3765,1660,1520
963,963,4600,2069,1724
964,964,4795,1855,1835
965,965,3995,1695,1555
966,966,4270,1780,1630
967,967,4296,1695,1685
968,968,3610,1645,1560
969,969,3995,1770,1605
970,970,4549,1748,1489
971,971,4300,1790,1635
972,972,4375,1700,1475
973,973,4314,1777,1532
974,974,3995,1695,1555
975,975,4384,1699,1466
976,976,4440,1695,1495
977,977,4735,1830,1795
978,978,5399,1948,1550
979,979,4385,1831,1608
980,980,4861,1864,1483
981,981,4385,1831,1608
982,982,3971,1682,1469
983,983,4440,1695,1495
984,984,4270,1780,1665
985,985,3985,1734,1505
986,986,3995,1821,1627
987,987,3495,1550,1500
988,988,3994,1811,1607
989,989,4375,1700,1475
990,990,3850,1695,1530
991,991,4600,2069,1724
992,992,4314,1777,1532
993,993,4440,1695,1495
994,994,3886,1695,1525
995,995,3995,1745,1510
996,996,5063,1860,1494
997,997,4500,1790,1675
998,998,4440,1695,1495
999,999,4690,1880,1690
1000,1000,4735,1830,1795
1001,1001,3995,1745,1510
1002,1002,3655,1620,1675
1003,1003,4690,1880,1690
1004,1004,4735,1830,1795
1005,1005,4915,1874,1455
1006,1006,3850,1695,1530
1007,1007,4640,1845,1645
1008,1008,4735,1830,1795
1009,1009,4658,1890,1644
1010,1010,3995,1790,1640
1011,1011,3565,1525,1590
1012,1012,3985,1734,1505
1013,1013,4420,1695,1480
1014,1014,4315,1822,1695
1015,1015,4221,1760,1612
1016,1016,3620,1475,1460
1017,1017,3995,1760,1555
1018,1018,4720,1835,1760
1019,1019,3679,1579,1478
1020,1020,4624,2031,1429
1021,1021,4838,1915,1837
1022,1022,3985,1820,1844
1023,1023,4440,1695,1485
1024,1024,3985,1734,1505
1025,1025,4705,1840,1850
1026,1026,4660,1890,1760
1027,1027,4456,1820,1930
1028,1028,4686,1810,1442
1029,1029,4629,1898,1653
1030,1030,4370,1700,1475
1031,1031,3679,1579,1478
1032,1032,4598,1894,1706
1033,1033,3920,1710,1930
1034,1034,4314,1777,1532
1035,1035,4456,1796,1416
1036,1036,4784,2080,1391
1037,1037,4731,2071,1651
1038,1038,3715,1680,1620
1039,1039,3495,1475,1460
1040,1040,3995,1735,1515
1041,1041,4413,1699,1466
1042,1042,4838,1817,1482
1043,1043,3821,1727,1414
1044,1044,4795,1855,1835
1045,1045,4520,1850,1895
1046,1046,3995,1790,1640
1047,1047,4314,1777,1532
1048,1048,4635,1865,1484
1049,1049,3995,1790,1640
1050,1050,4696,1923,1624
1051,1051,4795,1855,1835
1052,1052,3599,1495,1700
1053,1053,4696,1923,1624
1054,1054,3995,1745,1500
1055,1055,3675,1475,1800
1056,1056,3995,1745,1500
1057,1057,3599,1495,1700
1058,1058,4296,1695,1685
1059,1059,3599,1495,1700
1060,1060,3995,1745,1510
1061,1061,3585,1595,1550
1062,1062,4314,1777,1532
1063,1063,3995,1695,1555
1064,1064,4314,1777,1532
1065,1065,3995,1790,1640
1066,1066,3565,1520,1564
1067,1067,3395,1490,1475
1068,1068,4386,1699,1466
1069,1069,4705,1840,1850
1070,1070,4456,1796,1416
1071,1071,4395,1818,1640
1072,1072,4804,2141,1796
1073,1073,3985,1734,1505
1074,1074,3995,1745,1500
1075,1075,4314,1777,1532
1076,1076,4395,1818,1640
1077,1077,3995,1695,1555
1078,1078,4314,1777,1532
1079,1079,3940,1710,1505
1080,1080,3995,1710,1505
1081,1081,4899,2094,1464
1082,1082,4819,2141,1796
1083,1083,4385,1831,1608
1084,1084,4315,1800,1645
1085,1085,4620,1800,1465
1086,1086,3539,1495,1700
1087,1087,4250,1670,1370
1088,1088,4314,1777,1532
1089,1089,4270,1780,1665
1090,1090,3585,1595,1550
1091,1091,3565,1520,1564
1092,1092,4735,1830,1795
1093,1093,4975,1865,1445
1094,1094,3995,1695,1555
1095,1095,3995,1760,1555
1096,1096,4314,1777,1532
1097,1097,4385,1831,1608
1098,1098,4456,1820,1995
1099,1099,4490,1730,1485
1100,1100,4315,1822,1695
1101,1101,3565,1520,1564
1102,1102,4299,1822,1557
1103,1103,4440,1695,1485
1104,1104,4705,1840,1850
1105,1105,4735,1830,1795
1106,1106,3515,1500,1510
1107,1107,4314,1777,1532
1108,1108,3990,1680,1505
1109,1109,3995,1745,1510
1110,1110,4456,1820,1995
1111,1111,3765,1660,1520
1112,1112,3675,1475,1800
1113,1113,4686,1810,1442
1114,1114,3985,1734,1505
1115,1115,4899,2094,1464
1116,1116,4701,1826,1427
1117,1117,4440,1695,1495
1118,1118,3840,1735,1530
1119,1119,3995,1695,1555
1120,1120,3675,1475,1825
1121,1121,3495,1550,1500
1122,1122,3765,1660,1520
1123,1123,4762,1847,1433
1124,1124,3840,1735,1530
1125,1125,3999,1765,1708
1126,1126,4315,1822,1695
1127,1127,4886,1938,1762
1128,1128,4795,1967,1416
1129,1129,4819,2141,1796
1130,1130,3970,1682,1453
1131,1131,3545,1490,1475
1132,1132,4425,1730,1495
1133,1133,3999,1734,1601
1134,1134,4454,2044,1545
1135,1135,4456,1820,1995
1136,1136,3990,1680,1505
1137,1137,4445,1775,1700
1138,1138,4633,1811,1429
1139,1139,3765,1660,1520
1140,1140,4526,1800,1420
1141,1141,3995,1790,1640
1142,1142,3970,1682,1453
1143,1143,3746,1647,1535
1144,1144,4360,2120,1635
1145,1145,4430,1817,1975
1146,1146,4656,1890,1639
1147,1147,5219,1902,1481
1148,1148,4390,1699,1467
1149,1149,4781,1911,1774
1150,1150,4988,2220,1846
1151,1151,4145,1632,1440
1152,1152,3982,1727,1425
1153,1153,4540,1760,1480
1154,1154,4370,1700,1475
1155,1155,4935,1850,1895
1156,1156,3600,1600,1560
1157,1157,4530,1775,1470
1158,1158,4440,1695,1495
1159,1159,4315,1822,1695
1160,1160,3695,1600,1560
1161,1161,4315,1800,1637
1162,1162,5252,1899,1457
1163,1163,4375,1700,1475
1164,1164,4370,1700,1475
1165,1165,4986,1995,1705
1166,1166,3845,1735,1530
1167,1167,4752,1918,1621
1168,1168,3585,1595,1550
1169,1169,4440,1695,1495
1170,1170,3995,1735,1515
1171,1171,4598,1894,1706
1172,1172,4405,1818,1640
1173,1173,4370,1700,1475
1174,1174,3655,1620,1675
1175,1175,4413,1699,1466
1176,1176,4375,1700,1475
1177,1177,4270,1780,1630
1178,1178,4899,2094,1464
1179,1179,4935,2004,1696
1180,1180,4445,1775,1700
1181,1181,3993,1677,1532
1182,1182,4370,1700,1475
1183,1183,4933,1874,1455
1184,1184,4270,1780,1665
1185,1185,3995,1710,1505
1186,1186,4440,1695,1495
1187,1187,4456,1796,1416
1188,1188,3850,1695,1530
1189,1189,4490,1730,1485
1190,1190,4585,1890,1785
1191,1191,3985,1734,1505
1192,1192,3920,1710,1930
1193,1193,3995,1775,1505
1194,1194,4300,1790,1635
1195,1195,4701,1826,1427
1196,1196,4648,1881,1661
1197,1197,4936,1868,1479
1198,1198,4270,1780,1630
1199,1199,5052,1968,1740
1200,1200,3995,1770,1605
1201,1201,4585,1890,1785
1202,1202,3995,1635,1490
1203,1203,3995,1770,1605
1204,1204,3995,1775,1505
1205,1205,3995,1695,1501
1206,1206,3940,1710,1505
1207,1207,3995,1745,1500
1208,1208,4385,1831,1608
1209,1209,4225,1760,1612
1210,1210,4375,1700,1475
1211,1211,4695,1815,1840
1212,1212,3985,1734,1505
1213,1213,4655,1835,1760
1214,1214,4300,1790,1635
1215,1215,3850,1695,1530
1216,1216,4425,1730,1495
1217,1217,4670,1814,1476
1218,1218,3840,1735,1530
1219,1219,4270,1780,1630
1220,1220,4899,2094,1464
1221,1221,4892,1860,1837
1222,1222,4633,1811,1429
1223,1223,4490,1730,1485
1224,1224,4440,1695,1495
1225,1225,3599,1495,1700
1226,1226,3585,1595,1550
1227,1227,3999,1765,1708
1228,1228,4933,1874,1455
1229,1229,4315,1822,1695
1230,1230,4296,1695,1685
1231,1231,3850,1695,1530
1232,1232,5252,1899,1457
1233,1233,4270,1780,1630
1234,1234,4296,1695,1685
1235,1235,3995,1745,1500
1236,1236,4903,1869,1837
1237,1237,4633,1811,1429
1238,1238,4225,1760,1612
1239,1239,3995,1790,1647
1240,1240,4486,1839,1672
1241,1241,4670,1814,1476
1242,1242,4861,1864,1483
1243,1243,3850,1695,1530
1244,1244,4386,1683,1603
1245,1245,3395,1490,1475
1246,1246,3599,1495,1700
1247,1247,5569,1948,1550
1248,1248,4596,1770,1447
1249,1249,4690,1880,1690
1250,1250,3610,1645,1560
1251,1251,4581,1770,1447
1252,1252,3995,1695,1555
1253,1253,3600,1600,1560
1254,1254,3655,1620,1675
1255,1255,4624,2031,1429
1256,1256,3585,1595,1550
1257,1257,3995,1735,1515
1258,1258,3679,1579,1478
1259,1259,4300,1765,1590
1260,1260,3850,1695,1530
1261,1261,4395,1818,1640
1262,1262,4600,2173,1690
1263,1263,4270,1780,1630
1264,1264,4540,1760,1480
1265,1265,4490,1730,1485
1266,1266,4300,1790,1635
1267,1267,3600,1600,1560
1268,1268,4160,1690,1530
1269,1269,3520,1475,1690
1270,1270,4630,1777,1432
1271,1271,4490,1730,1485
1272,1272,3999,1734,1601
1273,1273,4440,1695,1495
1274,1274,3850,1695,1530
1275,1275,4447,1821,1598
1276,1276,4379,1801,1281
1277,1277,4160,1690,1530
1278,1278,3600,1600,1560
1279,1279,4697,1882,1665
1280,1280,3795,1680,1427
1281,1281,4270,1780,1630
1282,1282,4440,1695,1495
1283,1283,5063,1860,1494
1284,1284,4886,1938,1762
1285,1285,3995,1695,1501
1286,1286,4454,2044,1545
1287,1287,3395,1490,1475
1288,1288,3995,1745,1500
1289,1289,4490,1735,1560
1290,1290,3775,1695,1510
1291,1291,4440,1729,1475
1292,1292,4686,1810,1442
1293,1293,4705,1840,1850
1294,1294,3565,1595,1550
1295,1295,4899,2094,1464
1296,1296,4795,1855,1835
1297,1297,4915,1820,1450
1298,1298,4300,1765,1590
1299,1299,4886,1938,1762
1300,1300,3995,1835,1839
1301,1301,3995,1760,1555
1302,1302,4686,1810,1442
1303,1303,3620,1475,1460
1304,1304,4417,1804,1494
1305,1305,3995,1795,1817
1306,1306,5199,2220,1840
1307,1307,4903,1869,1837
1308,1308,4655,1835,1760
1309,1309,4395,1735,1690
1310,1310,4600,2069,1724
1311,1311,4375,1700,1475
1312,1312,5067,2091,1457
1313,1313,3993,1811,1606
1314,1314,4999,2220,1835
1315,1315,3765,1660,1520
1316,1316,4720,1835,1760
1317,1317,4440,1695,1495
1318,1318,3610,1645,1560
1319,1319,3995,1745,1500
1320,1320,4375,1700,1475
1321,1321,3970,1682,1453
1322,1322,4456,1820,1995
1323,1323,5255,2105,1460
1324,1324,3495,1475,1460
1325,1325,3995,1745,1500
1326,1326,4804,2141,1796
1327,1327,3395,1490,1475
1328,1328,4795,1855,1835
1329,1329,3995,1770,1605
1330,1330,3765,1660,1520
1331,1331,3990,1680,1505
1332,1332,4331,1822,1671
1333,1333,4445,1775,1700
1334,1334,4456,1796,1416
1335,1335,4314,1777,1532
1336,1336,4596,1770,1447
1337,1337,4795,1855,1835
1338,1338,3565,1525,1590
1339,1339,4270,1780,1630
1340,1340,4735,1830,1795
1341,1341,5265,1949,1471
1342,1342,3955,1694,1544
1343,1343,5089,1983,1737
1344,1344,3495,1550,1500
1345,1345,4385,1831,1608
1346,1346,4440,1695,1495
1347,1347,3850,1695,1530
1348,1348,3998,1765,1647
1349,1349,4360,2120,1635
1350,1350,3985,1734,1505
1351,1351,3429,1560,1541
1352,1352,3765,1660,1520
1353,1353,4384,1699,1466
1354,1354,4819,2141,1796
1355,1355,4656,1890,1639
1356,1356,4300,1790,1635
1357,1357,4660,1870,1755
1358,1358,3995,1660,1520
1359,1359,3998,1765,1647
1360,1360,3995,1790,1640
1361,1361,4735,1830,1795
1362,1362,4456,1796,1416
1363,1363,3995,1790,1640
1364,1364,3850,1695,1530
1365,1365,3595,1475,1700
1366,1366,3795,1680,1427
1367,1367,3495,1550,1500
1368,1368,3395,1490,1475
1369,1369,4384,1699,1466
1370,1370,5569,1948,1550
1371,1371,5207,2157,1823
1372,1372,4861,1864,1483
1373,1373,3395,1490,1475
1374,1374,3746,1647,1535
1375,1375,3955,1694,1544
1376,1376,4850,1960,1845
1377,1377,4804,2141,1796
1378,1378,4701,1826,1427
1379,1379,5115,1985,1755
1380,1380,4296,1695,1685
1381,1381,4417,1804,1494
1382,1382,4490,1730,1485
1383,1383,3765,1660,1520
1384,1384,3565,1525,1590
1385,1385,4456,1820,1995
1386,1386,3995,1790,1640
1387,1387,3992,1677,1537
1388,1388,4454,2044,1545
1389,1389,4696,1923,1624
1390,1390,3545,1490,1475
1391,1391,4440,1695,1495
1392,1392,4585,1765,1760
1393,1393,4292,1780,1433
1394,1394,3995,1790,1640
1395,1395,4390,1699,1467
1396,1396,3600,1600,1560
1397,1397,4545,1750,1450
1398,1398,4314,1777,1532
1399,1399,4899,2094,1464
1400,1400,3610,1645,1560
1401,1401,4861,1864,1483
1402,1402,3495,1550,1500
1403,1403,4720,1835,1760
1404,1404,4886,1938,1762
1405,1405,4360,2120,1635
1406,1406,3545,1490,1475
1407,1407,3765,1660,1520
1408,1408,3886,1695,1525
1409,1409,3585,1595,1550
1410,1410,4430,1817,1975
1411,1411,3995,1695,1555
1412,1412,4657,1881,1678
1413,1413,3585,1595,1550
1414,1414,3995,1770,1605
1415,1415,3850,1695,1530
1416,1416,4270,1780,1630
1417,1417,3995,1706,1570
1418,1418,4265,1695,1685
1419,1419,4585,1890,1785
1420,1420,4370,1783,1458
1421,1421,3995,1745,1500
1422,1422,4270,1780,1630
1423,1423,4300,1765,1590
1424,1424,3715,1635,1565
1425,1425,3985,1734,1505
1426,1426,3395,1490,1475
1427,1427,4424,1804,1494
1428,1428,4915,1874,1455
1429,1429,4899,2094,1464
1430,1430,3545,1490,1475
1431,1431,3675,1475,1800
1432,1432,4735,1830,1795
1433,1433,4915,1820,1450
1434,1434,4440,1695,1495
1435,1435,4655,1965,1922
1436,1436,4300,1765,1590
1437,1437,4440,1695,1495
1438,1438,3585,1595,1550
1439,1439,4314,1777,1532
1440,1440,3545,1490,1475
1441,1441,4701,1826,1427
1442,1442,3985,1820,1844
1443,1443,4314,1777,1532
1444,1444,4315,1800,1645
1445,1445,4693,1810,1402
1446,1446,4585,1890,1785
1447,1447,3995,1835,1839
1448,1448,4663,1893,1659
1449,1449,3985,1820,1844
1450,1450,4899,2094,1464
1451,1451,4270,1780,1630
1452,1452,4658,1890,1644
1453,1453,4624,2031,1429
1454,1454,3985,1820,1855
1455,1455,3995,1760,1555
1456,1456,4454,2044,1545
1457,1457,4804,2141,1796
1458,1458,4424,1804,1494
1459,1459,4370,1700,1475
1460,1460,5052,1968,1740
1461,1461,4270,1780,1630
1462,1462,3995,1790,1640
1463,1463,3600,1475,1595
1464,1464,3539,1475,1700
1465,1465,4439,1821,1612
1466,1466,4454,2044,1545
1467,1467,4933,1874,1455
1468,1468,3995,1790,1640
1469,1469,4420,1695,1480
1470,1470,4420,1695,1480
1471,1471,4386,1699,1466
1472,1472,3805,1665,1525
1473,1473,3990,1680,1505
1474,1474,4633,1811,1429
1475,1475,4735,1830,1795
1476,1476,3850,1695,1530
1477,1477,3850,1695,1530
1478,1478,4331,1822,1671
1479,1479,3746,1647,1535
1480,1480,3600,1600,1560
1481,1481,3700,1690,1595
1482,1482,4385,1831,1608
1483,1483,3971,1682,1469
1484,1484,3995,1745,1500
1485,1485,4270,1780,1630
1486,1486,5052,1968,1740
1487,1487,4370,1700,1475
1488,1488,3982,1727,1425
1489,1489,4160,1690,1530
1490,1490,3565,1595,1550
1491,1491,3995,1660,1520
1492,1492,3620,1475,1460
1493,1493,4440,1695,1485
1494,1494,4596,1770,1447
1495,1495,3850,1695,1530
1496,1496,3995,1695,1555
1497,1497,4975,1865,1445
1498,1498,3995,1775,1505
1499,1499,3971,1682,1469
1500,1500,3765,1660,1520
1501,1501,4659,1814,1476
1502,1502,4417,1804,1494
1503,1503,4658,1890,1644
1504,1504,4490,1730,1485
1505,1505,3805,1680,1520
1506,1506,3495,1475,1460
1507,1507,3995,1695,1501
1508,1508,4370,1700,1475
1509,1509,4705,1840,1850
1510,1510,4585,1890,1785
1511,1511,4315,1800,1645
1512,1512,4430,1817,1975
1513,1513,3585,1595,1550
1514,1514,3985,1734,1505
1515,1515,4795,1855,1835
1516,1516,4270,1780,1665
1517,1517,4440,1695,1495
1518,1518,3565,1595,1550
1519,1519,4597,1788,1477
1520,1520,4922,2004,1745
1521,1521,4963,1879,1443
1522,1522,3995,1660,1520
1523,1523,4370,1700,1475
1524,1524,4892,1860,1837
1525,1525,4370,1700,1475
1526,1526,4270,1780,1665
1527,1527,3655,1620,1675
1528,1528,4314,1777,1532
1529,1529,3585,1595,1550
1530,1530,4620,1775,1475
1531,1531,3995,1790,1640
1532,1532,4456,1796,1416
1533,1533,3995,1745,1510
1534,1534,4314,1777,1532
1535,1535,3987,1698,1483
1536,1536,4596,2020,1447
1537,1537,3970,1682,1453
1538,1538,3998,1765,1647
1539,1539,3679,1579,1478
1540,1540,4375,1700,1475
1541,1541,4755,1900,1785
1542,1542,4454,2044,1545
1543,1543,4555,1770,1755
1544,1544,4456,1796,1416
1545,1545,3995,1735,1515
1546,1546,5052,1968,1740
1547,1547,3850,1695,1530
1548,1548,3995,1682,1483
1549,1549,4549,1748,1489
1550,1550,4490,1735,1560
1551,1551,4868,1854,1470
1552,1552,4490,1730,1485
1553,1553,4598,1894,1706
1554,1554,3539,1475,1700
1555,1555,3765,1660,1520
1556,1556,3765,1660,1520
1557,1557,4440,1695,1485
1558,1558,4633,1811,1429
1559,1559,4705,1840,1850
1560,1560,4270,1780,1630
1561,1561,4598,1894,1706
1562,1562,4585,1765,1760
1563,1563,3985,1734,1505
1564,1564,4686,1810,1442
1565,1565,4490,1730,1485
1566,1566,4600,2069,1690
1567,1567,4735,1830,1795
1568,1568,4296,1695,1685
1569,1569,4425,1695,1505
1570,1570,3990,1680,1505
1571,1571,3971,1682,1469
1572,1572,3995,1695,1501
1573,1573,3995,1660,1520
1574,1574,4384,1699,1466
1575,1575,4314,1777,1532
1576,1576,4390,1699,1467
1577,1577,5207,2157,1823
1578,1578,4629,1898,1653
1579,1579,4440,1695,1495
1580,1580,4628,1879,1651
1581,1581,3765,1660,1520
1582,1582,4370,1700,1475
1583,1583,4318,1805,1548
1584,1584,4630,1777,1432
1585,1585,4585,1890,1785
1586,1586,4420,1695,1480
1587,1587,3895,1735,1555
1588,1588,4475,1850,1660
1589,1589,3995,1695,1555
1590,1590,3995,1695,1555
1591,1591,3585,1595,1550
1592,1592,3995,1821,1627
1593,1593,4270,1780,1630
1594,1594,3565,1525,1590
1595,1595,4107,1745,1880
1596,1596,3999,1765,1708
1597,1597,3640,1595,1520
1598,1598,4425,1863,1652
1599,1599,3620,1475,1460
1600,1600,3995,1790,1640
1601,1601,4658,1890,1644
1602,1602,4300,1765,1590
1603,1603,4265,1695,1685
1604,1604,5063,1860,1494
1605,1605,4658,1890,1644
1606,1606,4629,1898,1653
1607,1607,4440,1695,1495
1608,1608,4456,1796,1416
1609,1609,4950,1845,1475
1610,1610,4440,1729,1475
1611,1611,4395,1735,1690
1612,1612,4899,2094,1464
1613,1613,3990,1680,1505
1614,1614,4490,1730,1485
1615,1615,3995,1790,1640
1616,1616,4160,1690,1530
1617,1617,5120,1934,1850
1618,1618,4915,1874,1455
1619,1619,3940,1710,1505
1620,1620,4456,1820,1930
1621,1621,4701,1826,1427
1622,1622,3495,1550,1500
1623,1623,4315,1822,1695
1624,1624,4395,1735,1690
1625,1625,4549,1796,1446
1626,1626,3985,1734,1505
1627,1627,4270,1780,1665
1628,1628,4395,1818,1640
1629,1629,4555,1770,1755
1630,1630,4600,2069,1690
1631,1631,3679,1579,1478
1632,1632,4107,1745,1880
1633,1633,4296,1695,1685
1634,1634,3565,1595,1550
1635,1635,4314,1777,1532
1636,1636,3765,1660,1520
1637,1637,4585,1760,1760
1638,1638,4819,2141,1796
1639,1639,4490,1730,1485
1640,1640,3995,1735,1515
1641,1641,3785,1635,1485
1642,1642,4585,1890,1785
1643,1643,4701,1826,1427
1644,1644,4490,1730,1485
1645,1645,3995,1745,1510
1646,1646,3599,1495,1700
1647,1647,4788,1903,1791
1648,1648,4705,1840,1850
1649,1649,3775,1680,1620
1650,1650,4390,1699,1467
1651,1651,3995,1775,1505
1652,1652,4735,1830,1795
1653,1653,4549,1796,1446
1654,1654,3994,1811,1607
1655,1655,3985,1734,1505
1656,1656,3585,1595,1550
1657,1657,4314,1777,1532
1658,1658,4882,1894,1848
1659,1659,3995,1821,1627
1660,1660,4265,1695,1510
1661,1661,3850,1695,1530
1662,1662,3990,1680,1505
1663,1663,4456,1820,1995
1664,1664,3995,1770,1605
1665,1665,3620,1475,1460
1666,1666,3990,1680,1505
1667,1667,3995,1682,1483
1668,1668,4655,1835,1760
1669,1669,3599,1495,1700
1670,1670,3585,1595,1550
1671,1671,3695,1600,1560
1672,1672,4490,1730,1485
1673,1673,4819,2141,1796
1674,1674,4420,1695,1480
1675,1675,4315,1800,1645
1676,1676,3995,1680,1520
1677,1677,3565,1595,1550
1678,1678,4624,2031,1429
1679,1679,4899,2094,1464
1680,1680,3539,1475,1700
1681,1681,4440,1695,1495
1682,1682,4315,1822,1695
1683,1683,4314,1777,1532
1684,1684,4936,1868,1479
1685,1685,3850,1695,1530
1686,1686,4454,2044,1545
1687,1687,3955,1694,1544
1688,1688,4600,2069,1724
1689,1689,4385,1831,1608
1690,1690,4936,1868,1479
1691,1691,4735,1830,1795
1692,1692,3999,1765,1708
1693,1693,4370,1700,1475
1694,1694,3995,1710,1505
1695,1695,4265,1695,1510
1696,1696,3985,1820,1844
1697,1697,3995,1790,1640
1698,1698,3545,1490,1475
1699,1699,3585,1595,1550
1700,1700,5252,1899,1457
1701,1701,4585,1890,1785
1702,1702,3565,1595,1550
1703,1703,3850,1695,1530
1704,1704,3995,1710,1505
1705,1705,4869,1864,1469
1706,1706,4701,1826,1427
1707,1707,3995,1695,1555
1708,1708,3995,1760,1555
1709,1709,3715,1635,1565
1710,1710,3985,1820,1855
1711,1711,3655,1620,1675
1712,1712,4903,1869,1837
1713,1713,4795,1855,1835
1714,1714,4686,1810,1442
1715,1715,3995,1745,1500
1716,1716,4315,1822,1695
1717,1717,3600,1600,1560
1718,1718,4689,1814,1496
1719,1719,4936,1868,1479
1720,1720,3955,1694,1544
1721,1721,3985,1734,1505
1722,1722,4270,1780,1630
1723,1723,4270,1780,1630
1724,1724,4331,1822,1671
1725,1725,4784,2080,1391
1726,1726,4300,1790,1635
1727,1727,3695,1600,1560
1728,1728,4988,1890,1435
1729,1729,4705,1840,1850
1730,1730,3990,1680,1505
1731,1731,4735,1830,1795
1732,1732,5140,1928,1901
1733,1733,3495,1475,1460
1734,1734,4420,1695,1480
1735,1735,4456,1796,1416
1736,1736,4456,1820,1995
1737,1737,3995,1770,1605
1738,1738,3636,1475,1670
1739,1739,3995,1790,1640
1740,1740,3995,1695,1555
1741,1741,4296,1695,1685
1742,1742,4630,1777,1432
1743,1743,5151,2000,1805
1744,1744,4270,1780,1665
1745,1745,3679,1579,1478
1746,1746,4440,1729,1475
1747,1747,4762,1847,1433
1748,1748,4454,1798,1545
1749,1749,4892,1860,1837
1750,1750,4708,1891,1676
1751,1751,3995,1835,1839
1752,1752,4570,1800,1465
1753,1753,4370,1700,1475
1754,1754,3991,1750,1605
1755,1755,4735,1830,1795
1756,1756,4490,1730,1485
1757,1757,4375,1700,1475
1758,1758,4440,1695,1495
1759,1759,4430,1817,1975
1760,1760,3995,1695,1555
1761,1761,3845,1735,1530
1762,1762,4655,1965,1922
1763,1763,4585,1890,1785
1764,1764,3995,1735,1515
1765,1765,3765,1660,1520
1766,1766,4963,1879,1443
1767,1767,3850,1727,1414
1768,1768,4440,1729,1475
1769,1769,5246,1899,1494
1770,1770,3955,1694,1544
1771,1771,4924,2157,1772
1772,1772,4314,1777,1532
1773,1773,3850,1695,1530
1774,1774,3850,1695,1530
1775,1775,4655,1835,1760
1776,1776,4644,1891,1713
1777,1777,4657,1881,1678
1778,1778,4456,1820,1930
1779,1779,4953,2008,1776
1780,1780,4933,1874,1455
1781,1781,4819,2141,1796
1782,1782,4686,1810,1442
1783,1783,3679,1579,1478
1784,1784,4424,1804,1494
1785,1785,3985,1820,1844
1786,1786,3600,1600,1560
1787,1787,3395,1490,1475
1788,1788,3985,1820,1920
1789,1789,4265,1695,1685
1790,1790,4695,1815,1840
1791,1791,4705,1840,1850
1792,1792,3765,1660,1520
1793,1793,4270,1780,1630
1794,1794,4370,1700,1475
1795,1795,4596,1770,1447
1796,1796,5063,1860,1494
1797,1797,3985,1850,1880
1798,1798,3695,1600,1560
1799,1799,4395,1818,1640
1800,1800,4300,1765,1590
1801,1801,3600,1600,1560
1802,1802,3520,1475,1660
1803,1803,5226,2120,1479
1804,1804,4918,1983,1696
1805,1805,3775,1695,1510
1806,1806,4735,1830,1795
1807,1807,3955,1694,1544
1808,1808,3995,1695,1555
1809,1809,4490,1735,1560
1810,1810,4585,1890,1785
1811,1811,4490,1730,1485
1812,1812,4788,1903,1791
1813,1813,4385,1831,1608
1814,1814,4526,1800,1420
1815,1815,4314,1777,1532
1816,1816,4701,1826,1427
1817,1817,4549,1796,1446
1818,1818,3995,1790,1640
1819,1819,4540,1760,1480
1820,1820,3995,1745,1500
1821,1821,3850,1695,1530
1822,1822,4555,1770,1755
1823,1823,4456,1820,1995
1824,1824,4585,1890,1785
1825,1825,3995,1745,1500
1826,1826,3999,1734,1601
1827,1827,3985,1850,1880
1828,1828,4440,1695,1495
1829,1829,3679,1579,1478
1830,1830,3995,1695,1555
1831,1831,4726,1842,1427
1832,1832,4659,1814,1476
1833,1833,4500,1790,1675
1834,1834,4315,1800,1645
1835,1835,4795,1855,1835
1836,1836,3765,1660,1520
1837,1837,4933,1874,1455
1838,1838,4440,1695,1495
1839,1839,4585,1890,1785
1840,1840,4963,1868,1467
1841,1841,4939,1886,1457
1842,1842,4300,1790,1635
1843,1843,3679,1579,1478
1844,1844,4331,1822,1671
1845,1845,4386,1699,1466
1846,1846,3955,1694,1544
1847,1847,3994,1811,1607
1848,1848,3985,1734,1505
1849,1849,4585,1890,1785
1850,1850,4265,1695,1685
1851,1851,4375,1700,1475
1852,1852,4453,1735,1666
1853,1853,3995,1835,1839
1854,1854,3995,1790,1640
1855,1855,4370,1783,1458
1856,1856,3600,1600,1560
1857,1857,4670,1814,1476
1858,1858,4420,1695,1480
1859,1859,3995,1660,1520
1860,1860,4314,1777,1532
1861,1861,4735,1830,1795
1862,1862,3715,1680,1620
1863,1863,4386,1699,1466
1864,1864,4370,1700,1475
1865,1865,3395,1490,1475
1866,1866,4886,1938,1762
1867,1867,4375,1700,1475
1868,1868,3995,1704,1525
1869,1869,3982,1727,1425
1870,1870,4933,1874,1455
1871,1871,4500,1790,1675
1872,1872,4315,1800,1645
1873,1873,3805,1680,1520
1874,1874,4585,1765,1760
1875,1875,3445,1515,1475
1876,1876,3395,1490,1475
1877,1877,3620,1475,1460
1878,1878,4440,1729,1475
1879,1879,4936,1868,1479
1880,1880,3539,1475,1700
1881,1881,3971,1682,1469
1882,1882,3995,1790,1640
1883,1883,4657,1881,1678
1884,1884,4385,1831,1608
1885,1885,4331,1822,1671
1886,1886,3495,1550,1500
1887,1887,3995,1735,1515
1888,1888,4456,1820,1995
1889,1889,4424,1804,1494
1890,1890,3793,1665,1587
1891,1891,5246,1899,1494
1892,1892,3985,1820,1844
1893,1893,3565,1595,1550
1894,1894,4903,1869,1837
1895,1895,3600,1600,1560
1896,1896,3495,1495,1518
1897,1897,3805,1680,1520
1898,1898,4545,1820,1685
1899,1899,4314,1777,1532
1900,1900,3995,1695,1555
1901,1901,4385,1831,1608
1902,1902,3395,1490,1475
1903,1903,3679,1579,1478
1904,1904,4314,1777,1532
1905,1905,3999,1765,1708
1906,1906,4359,2010,1557
1907,1907,4314,1809,1620
1908,1908,3995,1660,1520
1909,1909,4440,1695,1495
1910,1910,4270,1780,1630
1911,1911,4456,1796,1416
1912,1912,4375,1700,1475
1913,1913,5246,1899,1494
1914,1914,3995,1695,1555
1915,1915,4879,1854,1474
1916,1916,4670,1814,1476
1917,1917,3610,1645,1560
1918,1918,4265,1695,1685
1919,1919,4892,1860,1837
1920,1920,4795,1967,1416
1921,1921,4795,1855,1835
1922,1922,4620,1775,1475
1923,1923,3990,1755,1523
1924,1924,4425,1863,1652
1925,1925,4490,1730,1485
1926,1926,3999,1734,1601
1927,1927,3565,1595,1550
1928,1928,3995,1695,1555
1929,1929,4314,1777,1532
1930,1930,3395,1490,1475
1931,1931,4375,1700,1475
1932,1932,3495,1550,1500
1933,1933,4933,1874,1455
1934,1934,4456,1820,1995
1935,1935,3599,1495,1700
1936,1936,3994,1811,1607
1937,1937,4390,1690,1495
1938,1938,3695,1600,1560
1939,1939,4655,1835,1760
1940,1940,3995,1745,1880
1941,1941,4270,1780,1630
1942,1942,3599,1495,1700
1943,1943,3675,1715,1655
1944,1944,4440,1695,1495
1945,1945,3995,1745,1880
1946,1946,4370,1700,1475
1947,1947,3990,1680,1505
1948,1948,3995,1770,1605
1949,1949,4270,1780,1665
1950,1950,3565,1595,1550
1951,1951,4445,1775,1700
1952,1952,4296,1695,1685
1953,1953,4886,1938,1762
1954,1954,3679,1579,1478
1955,1955,3995,1745,1500
1956,1956,3985,1734,1505
1957,1957,3679,1579,1478
1958,1958,4735,1830,1795
1959,1959,4425,1695,1505
1960,1960,4819,2141,1796
1961,1961,3610,1680,1500
1962,1962,3995,1790,1640
1963,1963,3850,1695,1530
1964,1964,3539,1475,1700
1965,1965,4490,1730,1485
1966,1966,3850,1695,1530
1967,1967,4630,1777,1432
1968,1968,3985,1820,1844
1969,1969,4600,2069,1724
1970,1970,3999,1765,1708
1971,1971,5063,1860,1494
1972,1972,4879,2073,1780
1973,1973,4819,2141,1796
1974,1974,4686,1810,1442
1975,1975,4490,1730,1485
1976,1976,3700,1690,1595
1977,1977,3999,1765,1708
1978,1978,4658,1890,1644
1979,1979,3715,1680,1620
1980,1980,4886,1938,1762
1981,1981,3655,1620,1675
1982,1982,3679,1579,1478
1983,1983,4386,1699,1466
1984,1984,3995,1695,1555
1985,1985,3610,1680,1500
1986,1986,3765,1660,1520
1987,1987,3655,1620,1675
1988,1988,4320,1764,1486
1989,1989,4424,1804,1494
1990,1990,3539,1475,1700
1991,1991,3599,1495,1700
1992,1992,4795,1855,1835
1993,1993,4555,1770,1755
1994,1994,3995,1790,1640
1995,1995,3395,1490,1475
1996,1996,3995,1660,1520
1997,1997,3995,1790,1640
1998,1998,4440,1695,1485
1999,1999,4490,1730,1485
2000,2000,3765,1660,1520
2001,2001,4405,1818,1640
2002,2002,4395,1818,1640
2003,2003,4440,1695,1485
2004,2004,4384,1699,1466
2005,2005,4818,1822,1420
2006,2006,3995,1695,1555
2007,2007,3600,1600,1560
2008,2008,5063,1860,1494
2009,2009,4886,1938,1762
2010,2010,4314,1777,1532
2011,2011,4726,1842,1427
2012,2012,3429,1560,1541
2013,2013,4657,1881,1678
2014,2014,3850,1695,1530
2015,2015,4097,1789,1561
2016,2016,4585,1890,1785
2017,2017,4585,1890,1785
2018,2018,3995,1745,1880
2019,2019,3999,1765,1708
2020,2020,4886,1938,1762
2021,2021,4300,1790,1635
2022,2022,4795,1855,1835
2023,2023,4315,1800,1645
2024,2024,4585,1890,1785
2025,2025,4655,1965,1922
2026,2026,4314,1777,1532
2027,2027,3775,1695,1510
2028,2028,3495,1550,1500
2029,2029,4440,1695,1495
2030,2030,4265,1695,1510
2031,2031,3995,1790,1647
2032,2032,3995,1695,1555
2033,2033,4797,2032,1665
2034,2034,4879,1854,1474
2035,2035,3995,1695,1555
2036,2036,3539,1475,1700
2037,2037,4695,1840,1850
2038,2038,4440,1695,1495
2039,2039,4395,1818,1640
2040,2040,4359,2010,1557
2041,2041,4440,1695,1495
2042,2042,4686,1810,1442
2043,2043,4249,1690,1503
2044,2044,4686,1810,1442
2045,2045,4695,1890,1755
2046,2046,3599,1495,1700
2047,2047,3995,1790,1640
2048,2048,4440,1695,1495
2049,2049,3765,1660,1520
2050,2050,5130,1934,1850
2051,2051,4270,1780,1630
2052,2052,3995,1790,1640
2053,2053,3940,1710,1505
2054,2054,3775,1680,1620
2055,2055,4585,1890,1785
2056,2056,3495,1550,1500
2057,2057,3795,1680,1427
2058,2058,4936,1868,1479
2059,2059,3995,1745,1880
