Feature_ID,Car_ID,Color,Seating Capacity,Fuel Tank Capacity
1,1,Grey,5,35
2,2,White,5,42
3,3,Maroon,5,35
4,4,Red,5,37
5,5,Grey,7,55
6,6,Grey,5,43
7,7,White,5,43
8,8,White,5,51
9,9,White,5,50
10,10,White,5,50
11,11,Red,5,45
12,12,Grey,5,28
13,13,Blue,5,43
14,14,Orange,5,50
15,15,Grey,5,45
16,16,Red,5,35
17,17,Grey,5,35
18,18,Grey,5,37
19,19,White,5,32
20,20,Silver,5,60
21,21,Grey,5,27
22,22,Brown,5,55
23,23,White,5,35
24,24,Blue,5,45
25,25,Grey,4,60
26,26,Grey,5,43
27,27,Grey,5,60
28,28,Red,5,35
29,29,White,5,45
30,30,White,5,40
31,31,Blue,5,45
32,32,Black,5,60
33,33,Silver,5,52
34,34,Brown,5,52
35,35,Silver,5,35
36,36,White,5,35
37,37,White,5,35
38,38,Bronze,8,55
39,39,Black,5,66
40,40,White,5,55
41,41,White,5,70
42,42,Black,5,55
43,43,White,5,63
44,44,Grey,2,70
45,45,Gold,5,45
46,46,White,6,60
47,47,Silver,5,37
48,48,Silver,5,35
49,49,Brown,5,43
50,50,Silver,5,43
51,51,Grey,5,60
52,52,White,5,60
53,53,Silver,5,28
54,54,White,5,60
55,55,Silver,5,35
56,56,Silver,7,55
57,57,Blue,5,67
58,58,White,5,60
59,59,White,8,60
60,60,White,5,35
61,61,White,5,57
62,62,White,5,40
63,63,Silver,5,45
64,64,Silver,5,48
65,65,Grey,7,40
66,66,Blue,5,43
67,67,Black,5,67
68,68,White,7,80
69,69,Maroon,5,50
70,70,White,,40
71,71,Grey,5,37
72,72,White,5,37
73,73,White,5,50
74,74,Grey,5,40
75,75,Red,5,45
76,76,Brown,5,40
77,77,White,5,45
78,78,Black,5,35
79,79,Brown,5,70
80,80,Black,4,57
81,81,Black,5,66
82,82,White,5,64
83,83,Red,5,37
84,84,White,5,63
85,85,Silver,5,37
86,86,Silver,5,60
87,87,Brown,5,55
88,88,Silver,5,66
89,89,Silver,5,65
90,90,White,5,37
91,91,White,5,50
92,92,Brown,5,35
93,93,Grey,5,48
94,94,Black,5,40
95,95,White,5,40
96,96,Blue,4,75
97,97,White,4,59
98,98,Silver,5,45
99,99,Black,5,43
100,100,Bronze,5,35
101,101,Silver,5,55
102,102,Red,5,45
103,103,White,5,43
104,104,Grey,5,60
105,105,White,5,65
106,106,Black,5,63
107,107,White,5,42
108,108,Blue,5,37
109,109,Blue,5,40
110,110,Blue,4,57
111,111,Bronze,5,42
112,112,White,5,80
113,113,White,7,80
114,114,Silver,5,44
115,115,Beige,5,55
116,116,Maroon,5,35
117,117,White,7,45
118,118,Grey,5,35
119,119,White,5,45
120,120,White,5,50
121,121,Red,5,50
122,122,Red,5,37
123,123,Silver,5,45
124,124,White,5,45
125,125,Grey,5,42
126,126,White,5,35
127,127,Grey,5,43
128,128,White,5,40
129,129,Black,5,50
130,130,White,5,55
131,131,Black,7,75
132,132,White,5,37
133,133,Grey,5,43
134,134,Silver,5,35
135,135,White,5,40
136,136,White,7,60
137,137,White,5,43
138,138,White,7,80
139,139,Maroon,5,40
140,140,Blue,5,70
141,141,White,5,50
142,142,White,5,42
143,143,White,5,55
144,144,White,5,43
145,145,White,5,60
146,146,White,5,45
147,147,White,5,45
148,148,Blue,5,40
149,149,Black,5,75
150,150,Green,8,45
151,151,Silver,5,50
152,152,Blue,5,37
153,153,White,5,80
154,154,White,7,45
155,155,White,5,43
156,156,White,5,43
157,157,White,7,70
158,158,White,7,80
159,159,Silver,5,93
160,160,White,5,43
161,161,Blue,4,70
162,162,White,5,55
163,163,Silver,5,60
164,164,Red,5,48
165,165,Black,5,58
166,166,White,5,35
167,167,White,5,50
168,168,Grey,5,43
169,169,Red,5,40
170,170,Blue,5,66
171,171,White,5,40
172,172,Silver,5,45
173,173,Black,5,55
174,174,Gold,5,45
175,175,White,7,70
176,176,Brown,5,57
177,177,White,5,50
178,178,White,5,35
179,179,Red,5,65
180,180,White,8,60
181,181,Black,5,40
182,182,White,7,80
183,183,White,5,45
184,184,Grey,5,52
185,185,Blue,6,100
186,186,Black,5,66
187,187,Silver,5,27
188,188,White,7,60
189,189,Black,5,60
190,190,Silver,5,43
191,191,White,5,37
192,192,Silver,5,40
193,193,Grey,7,55
194,194,White,5,50
195,195,White,5,64
196,196,Silver,5,95
197,197,Silver,5,60
198,198,White,5,65
199,199,Gold,5,42
200,200,White,7,60
201,201,Yellow,5,40
202,202,Grey,5,42
203,203,Silver,5,66
204,204,Silver,5,60
205,205,White,5,80
206,206,White,5,70
207,207,Silver,5,35
208,208,Silver,5,45
209,209,Red,5,55
210,210,Red,5,44
211,211,Silver,5,42
212,212,White,5,42
213,213,Red,5,45
214,214,Red,5,55
215,215,Blue,5,64
216,216,Silver,5,37
217,217,White,7,80
218,218,Grey,7,55
219,219,Silver,5,60
220,220,White,7,80
221,221,White,5,42
222,222,Silver,5,28
223,223,White,5,75
224,224,Blue,6,50
225,225,White,5,65
226,226,Silver,5,43
227,227,Silver,5,35
228,228,White,5,42
229,229,White,7,60
230,230,Beige,7,55
231,231,Brown,5,35
232,232,Grey,5,93
233,233,Grey,5,60
234,234,White,5,80
235,235,Black,7,80
236,236,Blue,5,100
237,237,Black,7,55
238,238,Blue,5,40
239,239,White,7,80
240,240,White,7,100
241,241,White,5,60
242,242,Silver,5,35
243,243,Gold,5,43
244,244,Red,5,37
245,245,White,5,43
246,246,Red,4,66
247,247,White,5,90
248,248,Red,5,44
249,249,Red,5,35
250,250,Silver,7,70
251,251,White,5,50
252,252,White,7,42
253,253,White,5,37
254,254,Brown,5,35
255,255,Grey,5,43
256,256,Maroon,5,40
257,257,Orange,5,37
258,258,Blue,5,82
259,259,Black,5,40
260,260,White,5,104
261,261,Black,7,80
262,262,Blue,5,28
263,263,White,5,51
264,264,Red,5,64
265,265,Red,5,35
266,266,Red,5,40
267,267,White,5,40
268,268,White,7,70
269,269,Grey,5,43
270,270,White,5,42
271,271,White,5,85
272,272,Silver,5,50
273,273,Brown,5,28
274,274,Black,5,50
275,275,Black,4,57
276,276,White,7,65
277,277,Silver,5,70
278,278,Red,5,37
279,279,Red,5,60
280,280,Grey,7,55
281,281,Grey,5,45
282,282,White,7,65
283,283,Silver,5,35
284,284,White,5,55
285,285,Grey,5,35
286,286,White,7,60
287,287,Gold,5,35
288,288,Red,5,60
289,289,White,7,100
290,290,Gold,5,64
291,291,Red,5,45
292,292,White,5,40
293,293,Blue,5,56
294,294,White,7,65
295,295,White,5,64
296,296,Blue,5,35
297,297,Green,5,40
298,298,Red,5,43
299,299,Blue,5,45
300,300,White,5,48
301,301,Silver,5,67
302,302,White,5,40
303,303,White,5,65
304,304,Bronze,5,35
305,305,White,5,50
306,306,Blue,4,68
307,307,Brown,5,35
308,308,Brown,5,43
309,309,Blue,5,62
310,310,Silver,5,40
311,311,White,5,45
312,312,White,5,60
313,313,White,7,80
314,314,Silver,5,66
315,315,White,5,40
316,316,White,5,70
317,317,Silver,5,42
318,318,White,5,59
319,319,Gold,5,57
320,320,White,7,55
321,321,White,5,45
322,322,Red,5,45
323,323,White,5,35
324,324,Black,7,60
325,325,White,5,40
326,326,White,5,37
327,327,Bronze,7,55
328,328,White,5,60
329,329,Grey,5,42
330,330,Brown,5,40
331,331,Silver,5,42
332,332,White,5,55
333,333,Brown,5,35
334,334,Black,5,50
335,335,Blue,5,40
336,336,Maroon,5,43
337,337,Grey,7,70
338,338,Blue,5,57
339,339,White,5,40
340,340,Black,7,55
341,341,Red,5,50
342,342,Silver,5,85
343,343,White,5,80
344,344,White,5,52
345,345,White,5,37
346,346,Silver,5,45
347,347,Grey,5,55
348,348,White,5,56
349,349,White,5,64
350,350,White,5,42
351,351,Black,7,70
352,352,Red,4,57
353,353,Red,5,42
354,354,Grey,5,37
355,355,White,7,80
356,356,Blue,5,65
357,357,White,5,35
358,358,Silver,5,35
359,359,White,5,48
360,360,Grey,5,43
361,361,Black,5,45
362,362,Black,5,55
363,363,White,5,40
364,364,Black,5,62
365,365,Silver,7,65
366,366,White,2,60
367,367,Blue,5,35
368,368,Grey,5,42
369,369,White,5,40
370,370,White,5,35
371,371,Blue,5,64
372,372,White,4,59
373,373,Black,5,44
374,374,Silver,5,52
375,375,Brown,5,40
376,376,Grey,5,35
377,377,Silver,5,35
378,378,Black,5,60
379,379,White,5,66
380,380,Green,5,60
381,381,White,7,80
382,382,White,5,42
383,383,White,5,43
384,384,Beige,5,66.5
385,385,Blue,5,67
386,386,White,5,60
387,387,White,7,60
388,388,Orange,5,48
389,389,White,7,65
390,390,Gold,8,55
391,391,White,5,45
392,392,White,5,40
393,393,Silver,8,60
394,394,Blue,5,66
395,395,White,5,45
396,396,White,5,70
397,397,Blue,5,43
398,398,Grey,5,80
399,399,Black,6,57
400,400,White,5,40
401,401,Silver,5,40
402,402,Blue,5,37
403,403,Blue,5,60
404,404,Orange,5,35
405,405,White,5,35
406,406,White,5,35
407,407,Silver,5,35
408,408,White,5,37
409,409,White,5,40
410,410,White,5,32
411,411,Silver,5,40
412,412,Grey,5,32
413,413,Blue,5,35
414,414,Black,5,90
415,415,White,4,55
416,416,White,8,55
417,417,Grey,5,50
418,418,White,5,50
419,419,Grey,5,55
420,420,Blue,5,45
421,421,Brown,5,40
422,422,Orange,5,44
423,423,Red,5,37
424,424,White,7,100
425,425,Red,5,64
426,426,Silver,5,40
427,427,Grey,5,66
428,428,Brown,5,66
429,429,White,5,35
430,430,Grey,5,45
431,431,Blue,5,37
432,432,White,5,35
433,433,Grey,5,43
434,434,White,5,80
435,435,Red,5,50
436,436,White,5,57
437,437,White,8,60
438,438,White,5,60
439,439,Gold,7,45
440,440,Silver,5,43
441,441,Maroon,5,43
442,442,White,5,40
443,443,Black,4,70
444,444,White,5,57
445,445,Silver,7,70
446,446,Red,5,56
447,447,Silver,5,43
448,448,Brown,5,35
449,449,Black,5,80
450,450,White,7,63
451,451,Blue,7,60
452,452,Brown,5,52
453,453,Black,5,82
454,454,Silver,5,56
455,455,Bronze,7,55
456,456,Blue,5,42
457,457,Purple,5,47
458,458,White,5,37
459,459,White,7,60
460,460,Silver,5,44
461,461,White,5,35
462,462,Black,5,64
463,463,White,6,45
464,464,Silver,5,40
465,465,Red,2,54
466,466,Grey,5,42
467,467,White,5,57
468,468,White,5,35
469,469,Red,5,43
470,470,White,5,32
471,471,Black,5,66
472,472,Silver,5,43
473,473,White,5,93
474,474,Black,7,60
475,475,Grey,5,40
476,476,Blue,5,63
477,477,Blue,5,63
478,478,Brown,5,40
479,479,Blue,5,65
480,480,White,5,66
481,481,Blue,5,60
482,482,White,5,40
483,483,Brown,5,40
484,484,Black,2,78
485,485,White,5,71
486,486,White,5,57
487,487,Brown,5,35
488,488,Yellow,5,53
489,489,Grey,5,53
490,490,Black,5,93
491,491,Red,5,35
492,492,White,4,15
493,493,White,5,53
494,494,Silver,5,42
495,495,White,5,55
496,496,White,5,80
497,497,Gold,5,55
498,498,White,5,48
499,499,Blue,5,37
500,500,Blue,7,70
501,501,Red,5,42
502,502,Grey,5,42
503,503,Silver,5,64
504,504,Brown,5,55
505,505,Silver,7,80
506,506,Silver,5,35
507,507,White,5,35
508,508,Black,5,50
509,509,Brown,5,60
510,510,White,5,53
511,511,Blue,2,53
512,512,Gold,5,50
513,513,White,5,50
514,514,Blue,5,66
515,515,White,5,37
516,516,White,5,35
517,517,Silver,5,35
518,518,White,5,32
519,519,Silver,5,35
520,520,White,5,35
521,521,White,5,93
522,522,Blue,5,64
523,523,Grey,5,35
524,524,Red,5,35
525,525,Silver,5,45
526,526,Black,4,78
527,527,White,5,50
528,528,Black,7,70
529,529,Black,7,71
530,530,White,5,62
531,531,Black,5,45
532,532,Bronze,5,55
533,533,Grey,5,43
534,534,White,7,80
535,535,White,5,43
536,536,White,5,48
537,537,Blue,5,48
538,538,Grey,5,45
539,539,Brown,5,35
540,540,White,5,54
541,541,White,5,52
542,542,White,5,40
543,543,Blue,7,90
544,544,Black,5,50
545,545,White,5,65
546,546,White,5,63
547,547,White,5,63
548,548,Maroon,5,42
549,549,Silver,5,65
550,550,Black,7,100
551,551,Grey,5,44
552,552,Silver,5,40
553,553,White,7,60
554,554,Black,6,75
555,555,Silver,5,43
556,556,Blue,5,64
557,557,White,5,35
558,558,Grey,5,28
559,559,White,5,67
560,560,White,5,48
561,561,Gold,5,35
562,562,Blue,5,37
563,563,White,5,45
564,564,Silver,5,37
565,565,Others,5,37
566,566,Silver,7,65
567,567,Red,7,60
568,568,Silver,7,55
569,569,White,5,64
570,570,White,7,70
571,571,Grey,5,45
572,572,White,2,53
573,573,Silver,5,37
574,574,White,5,57
575,575,Red,5,45
576,576,Silver,5,90
577,577,Brown,5,66
578,578,Grey,5,80
579,579,White,5,45
580,580,White,5,48
581,581,White,5,35
582,582,White,5,80
583,583,Blue,5,105
584,584,Red,5,44
585,585,White,7,80
586,586,Grey,5,50
587,587,White,5,48
588,588,White,5,55
589,589,Orange,5,52
590,590,Black,5,50
591,591,Silver,5,40
592,592,White,5,48
593,593,Silver,5,52
594,594,Brown,5,40
595,595,Brown,5,48
596,596,Black,5,80
597,597,White,5,45
598,598,Red,5,35
599,599,White,5,42
600,600,Silver,5,67
601,601,Silver,5,54
602,602,Silver,5,42
603,603,White,5,42
604,604,Silver,5,43
605,605,White,7,63
606,606,White,5,50
607,607,White,5,42
608,608,Silver,5,37
609,609,Black,7,80
610,610,White,5,54
611,611,Red,5,40
612,612,White,5,66
613,613,Black,2,53
614,614,White,5,93
615,615,Black,7,100
616,616,White,5,35
617,617,Red,4,57
618,618,White,7,80
619,619,White,5,32
620,620,White,5,42
621,621,White,5,50
622,622,Silver,5,60
623,623,Red,5,48
624,624,White,7,60
625,625,Grey,5,60
626,626,Silver,5,43
627,627,White,5,37
628,628,Silver,5,42
629,629,White,7,80
630,630,White,5,43
631,631,Blue,5,65
632,632,White,5,45
633,633,White,5,35
634,634,White,2,53
635,635,Blue,6,45
636,636,Blue,5,51
637,637,White,7,100
638,638,White,5,50
639,639,White,5,35
640,640,Grey,5,53
641,641,Silver,5,37
642,642,Brown,5,55
643,643,Purple,5,53
644,644,Black,7,85
645,645,White,5,35
646,646,Grey,7,70
647,647,Red,5,48
648,648,Grey,5,42
649,649,Grey,5,53
650,650,Grey,5,35
651,651,White,5,51
652,652,White,5,56
653,653,White,5,40
654,654,White,5,43
655,655,Blue,5,41
656,656,Grey,5,37
657,657,Silver,5,45
658,658,Silver,7,60
659,659,Maroon,8,55
660,660,Grey,5,50
661,661,Grey,5,37
662,662,Grey,5,55
663,663,White,5,32
664,664,Red,5,42
665,665,Red,4,50
666,666,Blue,5,37
667,667,Blue,5,55
668,668,White,5,70
669,669,Blue,5,75
670,670,Black,5,45
671,671,Grey,6,50
672,672,Grey,5,35
673,673,White,7,45
674,674,Maroon,5,35
675,675,Red,5,57
676,676,Black,5,80
677,677,Brown,5,40
678,678,Blue,5,57
679,679,Maroon,5,40
680,680,Black,5,75
681,681,White,5,42
682,682,Silver,5,66
683,683,Blue,5,66
684,684,White,5,60
685,685,Red,5,60
686,686,Gold,7,80
687,687,White,5,45
688,688,Maroon,7,70
689,689,Silver,5,35
690,690,Black,7,70
691,691,White,8,60
692,692,White,5,77
693,693,Silver,5,40
694,694,White,5,63
695,695,White,5,35
696,696,White,5,60
697,697,White,5,55
698,698,White,7,45
699,699,White,5,50
700,700,Silver,5,70
701,701,Silver,5,37
702,702,Grey,7,55
703,703,White,5,35
704,704,Black,7,65
705,705,Silver,5,40
706,706,White,5,42
707,707,Grey,5,43
708,708,White,5,43
709,709,White,5,35
710,710,White,5,48
711,711,Orange,5,60
712,712,Blue,5,50
713,713,White,7,70
714,714,White,5,35
715,715,Silver,5,43
716,716,White,7,53
717,717,White,5,40
718,718,Silver,5,63
719,719,Blue,5,50
720,720,Silver,5,55
721,721,Silver,5,43
722,722,Blue,5,50
723,723,Grey,7,53
724,724,White,5,66
725,725,White,8,60
726,726,White,7,80
727,727,Silver,5,80
728,728,Bronze,7,53
729,729,Blue,5,65
730,730,Grey,7,53
731,731,White,5,92
732,732,Red,5,45
733,733,White,8,45
734,734,White,5,75
735,735,Blue,5,50
736,736,Silver,7,55
737,737,White,5,50
738,738,White,5,43
739,739,White,7,80
740,740,Silver,5,35
741,741,Purple,5,60
742,742,Black,5,50
743,743,Blue,5,80
744,744,Beige,5,66
745,745,Red,5,60
746,746,Gold,5,35
747,747,Grey,5,40
748,748,Black,4,44
749,749,White,7,60
750,750,Others,5,28
751,751,Blue,5,93
752,752,Grey,5,60
753,753,Grey,5,37
754,754,White,5,63
755,755,Black,4,57
756,756,Orange,5,35
757,757,White,5,66
758,758,Silver,6,75
759,759,White,5,45
760,760,Black,5,63
761,761,Brown,5,80
762,762,Green,5,28
763,763,Blue,5,48
764,764,White,5,37
765,765,White,5,65
766,766,White,5,40
767,767,Silver,5,35
768,768,Black,7,60
769,769,Grey,5,43
770,770,White,5,40
771,771,White,5,37
772,772,White,5,57
773,773,Silver,5,80
774,774,White,5,64
775,775,White,7,53
776,776,Brown,5,80
777,777,White,7,75
778,778,Grey,5,41
779,779,Blue,5,52
780,780,Blue,5,57
781,781,Brown,4,57
782,782,Silver,5,37
783,783,White,5,54
784,784,Silver,7,45
785,785,Grey,5,55
786,786,Yellow,2,54
787,787,White,5,57
788,788,Black,5,50
789,789,Black,7,70
790,790,Silver,5,66
791,791,Brown,5,37
792,792,Grey,5,35
793,793,Silver,5,35
794,794,White,5,77
795,795,Bronze,5,93
796,796,Blue,5,37
797,797,White,5,60
798,798,Red,7,65
799,799,Brown,5,40
800,800,White,7,50
801,801,Grey,5,50
802,802,White,5,75
803,803,White,5,60
804,804,White,6,60
805,805,Blue,5,64
806,806,Silver,5,48
807,807,Blue,5,43
808,808,White,5,50
809,809,White,5,40
810,810,White,7,53
811,811,White,5,83
812,812,White,5,80
813,813,White,5,45
814,814,White,4,78
815,815,Grey,7,53
816,816,Grey,5,28
817,817,White,5,62
818,818,White,5,45
819,819,Grey,5,41
820,820,Red,5,57
821,821,Others,7,60
822,822,White,5,32
823,823,Grey,5,43
824,824,Grey,5,55
825,825,Beige,7,53
826,826,White,5,42
827,827,White,5,43
828,828,Others,5,50
829,829,White,7,70
830,830,Grey,5,40
831,831,White,5,80
832,832,Others,5,28
833,833,White,7,45
834,834,Red,5,60
835,835,Red,5,37
836,836,Black,4,44
837,837,Silver,5,45
838,838,White,7,53
839,839,White,5,93
840,840,White,5,43
841,841,White,7,100
842,842,Black,5,55
843,843,Grey,5,40
844,844,Yellow,5,37
845,845,White,5,45
846,846,Grey,5,40
847,847,Silver,5,90
848,848,Blue,5,37
849,849,Pink,5,35
850,850,Blue,5,45
851,851,Green,8,60
852,852,Blue,7,75
853,853,Bronze,7,55
854,854,White,7,78
855,855,Green,5,85
856,856,White,5,35
857,857,Black,5,65
858,858,Blue,7,75
859,859,White,5,56
860,860,Silver,7,65
861,861,White,5,40
862,862,Black,5,54
863,863,Beige,5,55
864,864,Orange,5,43
865,865,Silver,5,35
866,866,White,5,66
867,867,Black,5,80
868,868,White,5,55
869,869,Silver,5,53
870,870,Black,5,80
871,871,Black,7,100
872,872,White,5,57
873,873,Bronze,7,53
874,874,White,5,50
875,875,Red,5,90
876,876,Blue,5,68
877,877,Black,7,80
878,878,White,5,35
879,879,Grey,5,40
880,880,White,7,53
881,881,White,5,60
882,882,Black,5,40
883,883,Red,5,40
884,884,White,5,42
885,885,White,7,53
886,886,Silver,5,42
887,887,Red,5,45
888,888,White,5,35
889,889,White,5,50
890,890,White,5,43
891,891,Green,5,28
892,892,White,8,60
893,893,Black,5,42
894,894,Blue,5,60
895,895,Red,5,35
896,896,Blue,7,53
897,897,Black,7,100
898,898,White,5,43
899,899,Green,5,53
900,900,White,5,55
901,901,Blue,5,70
902,902,Grey,5,73
903,903,White,5,71
904,904,Silver,5,48
905,905,White,5,53
906,906,White,8,60
907,907,Maroon,5,35
908,908,Silver,5,35
909,909,White,7,80
910,910,Blue,5,53
911,911,White,5,50
912,912,White,5,43
913,913,Black,7,80
914,914,White,5,66
915,915,White,5,43
916,916,Bronze,5,28
917,917,Black,7,78
918,918,Grey,5,40
919,919,White,5,67
920,920,Gold,7,80
921,921,Red,5,28
922,922,Red,5,35
923,923,Silver,5,45
924,924,Bronze,5,28
925,925,Maroon,5,40
926,926,Silver,5,37
927,927,Red,5,60
928,928,Brown,7,55
929,929,Blue,5,57
930,930,White,5,37
931,931,Silver,5,43
932,932,Blue,5,45
933,933,White,5,60
934,934,White,5,40
935,935,Grey,5,35
936,936,White,5,50
937,937,Silver,5,35
938,938,White,5,53
939,939,Grey,5,77
940,940,Bronze,7,55
941,941,Black,5,65
942,942,Blue,5,32
943,943,Black,7,55
944,944,Black,5,80
945,945,Grey,5,65
946,946,White,5,42
947,947,Maroon,5,45
948,948,White,5,64
949,949,White,5,40
950,950,Blue,5,66
951,951,White,5,50
952,952,Silver,5,50
953,953,Silver,5,40
954,954,Silver,5,43
955,955,Brown,5,48
956,956,Blue,5,75
957,957,Silver,7,40
958,958,Black,7,60
959,959,White,5,65
960,960,Red,5,42
961,961,Blue,7,100
962,962,White,5,43
963,963,White,7,65
964,964,Black,7,80
965,965,White,5,42
966,966,Black,5,60
967,967,Silver,7,45
968,968,Silver,5,35
969,969,White,5,45
970,970,Grey,5,40
971,971,Maroon,5,50
972,972,White,5,43
973,973,White,5,53
974,974,Silver,5,42
975,975,Silver,5,55
976,976,Silver,5,40
977,977,Grey,7,55
978,978,Maroon,5,82.5
979,979,Blue,5,64
980,980,White,5,66
981,981,Silver,5,64
982,982,Red,5,45
983,983,Silver,5,40
984,984,White,5,55
985,985,White,5,45
986,986,Silver,5,42
987,987,Red,5,32
988,988,Grey,5,44
989,989,White,5,43
990,990,White,5,42
991,991,White,7,70
992,992,Red,5,53
993,993,White,5,40
994,994,Orange,5,40
995,995,Silver,5,37
996,996,Red,5,80
997,997,White,7,50
998,998,Bronze,5,40
999,999,White,7,64
1000,1000,Bronze,7,55
1001,1001,Red,5,37
1002,1002,Blue,5,32
1003,1003,Silver,7,64
1004,1004,White,7,55
1005,1005,Grey,5,65
1006,1006,White,5,42
1007,1007,Black,5,56
1008,1008,Purple,7,55
1009,1009,White,5,66
1010,1010,Blue,5,48
1011,1011,White,5,35
1012,1012,Blue,5,45
1013,1013,Grey,5,42
1014,1014,Grey,5,50
1015,1015,Silver,5,50
1016,1016,White,5,35
1017,1017,White,5,45
1018,1018,Red,6,60
1019,1019,Silver,5,28
1020,1020,White,5,53
1021,1021,Blue,7,82
1022,1022,Black,4,57
1023,1023,Red,5,42
1024,1024,White,5,45
1025,1025,Grey,7,80
1026,1026,White,7,70
1027,1027,White,8,60
1028,1028,Black,5,66
1029,1029,Brown,5,75
1030,1030,Grey,5,43
1031,1031,Red,5,28
1032,1032,Silver,5,50
1033,1033,Green,7,60
1034,1034,White,5,53
1035,1035,Blue,5,50
1036,1036,Black,4,60.9
1037,1037,Grey,5,82
1038,1038,Silver,5,43
1039,1039,Gold,5,35
1040,1040,Blue,5,37
1041,1041,Grey,5,55
1042,1042,White,5,60
1043,1043,Green,5,44
1044,1044,White,7,80
1045,1045,White,8,55
1046,1046,White,5,48
1047,1047,Maroon,5,53
1048,1048,White,5,67.5
1049,1049,Grey,5,48
1050,1050,Blue,5,65
1051,1051,White,7,80
1052,1052,Others,5,35
1053,1053,Red,5,65
1054,1054,Blue,5,37
1055,1055,Blue,5,40
1056,1056,Maroon,5,37
1057,1057,Brown,5,35
1058,1058,Grey,7,45
1059,1059,White,5,35
1060,1060,Blue,5,37
1061,1061,White,5,35
1062,1062,White,5,53
1063,1063,White,5,42
1064,1064,Yellow,5,53
1065,1065,White,5,48
1066,1066,Red,5,27
1067,1067,White,5,35
1068,1068,Silver,5,55
1069,1069,White,7,80
1070,1070,White,5,50
1071,1071,Black,5,60
1072,1072,White,5,70
1073,1073,Red,5,45
1074,1074,Brown,5,37
1075,1075,Blue,5,53
1076,1076,White,5,60
1077,1077,Silver,5,42
1078,1078,Blue,5,73
1079,1079,Blue,5,45
1080,1080,Brown,5,45
1081,1081,White,5,73
1082,1082,Black,5,93
1083,1083,Black,5,64
1084,1084,Black,5,50
1085,1085,White,5,50
1086,1086,White,5,35
1087,1087,White,5,45
1088,1088,White,5,73
1089,1089,Red,5,55
1090,1090,Maroon,5,35
1091,1091,Silver,5,27
1092,1092,Maroon,7,55
1093,1093,Blue,5,50
1094,1094,Grey,5,42
1095,1095,Red,5,45
1096,1096,Grey,5,73
1097,1097,White,5,64
1098,1098,Red,8,60
1099,1099,Grey,5,43
1100,1100,Black,5,50
1101,1101,Grey,5,27
1102,1102,Green,5,47
1103,1103,Brown,5,42
1104,1104,White,7,80
1105,1105,Maroon,7,65
1106,1106,White,5,32
1107,1107,White,5,73
1108,1108,White,5,35
1109,1109,Red,5,37
1110,1110,White,8,60
1111,1111,White,5,43
1112,1112,Grey,5,40
1113,1113,White,5,66
1114,1114,Grey,5,45
1115,1115,White,5,65
1116,1116,White,5,63
1117,1117,Black,5,40
1118,1118,White,5,37
1119,1119,Grey,5,42
1120,1120,Grey,7,40
1121,1121,Grey,5,32
1122,1122,Silver,5,43
1123,1123,White,5,54
1124,1124,Blue,5,37
1125,1125,Black,5,52
1126,1126,White,5,50
1127,1127,White,5,73
1128,1128,Red,5,56
1129,1129,Black,5,93
1130,1130,Grey,5,45
1131,1131,Grey,5,35
1132,1132,Red,5,42
1133,1133,White,5,40
1134,1134,Black,5,63
1135,1135,Black,7,60
1136,1136,Maroon,5,35
1137,1137,White,6,45
1138,1138,White,5,57
1139,1139,White,5,43
1140,1140,Blue,5,50
1141,1141,White,5,48
1142,1142,White,5,45
1143,1143,Black,5,35
1144,1144,Blue,5,57
1145,1145,White,8,60
1146,1146,Blue,5,66
1147,1147,Blue,4,73
1148,1148,White,5,55
1149,1149,Grey,5,95
1150,1150,Red,5,73
1151,1151,White,5,43
1152,1152,Blue,5,44
1153,1153,Silver,5,55
1154,1154,Silver,5,43
1155,1155,Black,7,58
1156,1156,White,5,35
1157,1157,Silver,5,56
1158,1158,Brown,5,40
1159,1159,Brown,5,50
1160,1160,White,5,35
1161,1161,White,5,50
1162,1162,Brown,5,83
1163,1163,White,5,43
1164,1164,Blue,5,43
1165,1165,Silver,5,85
1166,1166,White,5,37
1167,1167,Red,5,68
1168,1168,White,5,35
1169,1169,Silver,5,40
1170,1170,Red,5,37
1171,1171,Black,5,50
1172,1172,Blue,5,60
1173,1173,Grey,5,43
1174,1174,White,5,32
1175,1175,Red,5,55
1176,1176,White,5,43
1177,1177,White,5,60
1178,1178,White,5,73
1179,1179,Red,5,83
1180,1180,Blue,6,45
1181,1181,Brown,5,35
1182,1182,White,5,43
1183,1183,Red,5,75
1184,1184,White,5,55
1185,1185,Maroon,5,45
1186,1186,Grey,5,40
1187,1187,White,5,50
1188,1188,Blue,5,42
1189,1189,Blue,5,43
1190,1190,White,7,70
1191,1191,Grey,5,45
1192,1192,Green,7,60
1193,1193,White,5,37
1194,1194,White,5,50
1195,1195,Red,5,63
1196,1196,White,5,67
1197,1197,Grey,5,65
1198,1198,White,5,60
1199,1199,White,7,75
1200,1200,Blue,5,45
1201,1201,Grey,7,70
1202,1202,Brown,7,35
1203,1203,White,5,45
1204,1204,White,5,37
1205,1205,White,5,35
1206,1206,Maroon,5,45
1207,1207,Blue,5,37
1208,1208,White,5,64
1209,1209,Red,5,50
1210,1210,Black,5,43
1211,1211,Silver,7,70
1212,1212,Silver,5,45
1213,1213,Red,5,60
1214,1214,White,5,50
1215,1215,Blue,5,42
1216,1216,Red,5,42
1217,1217,Grey,5,50
1218,1218,White,5,37
1219,1219,Silver,5,60
1220,1220,Black,5,73
1221,1221,White,7,80
1222,1222,Blue,5,57
1223,1223,Grey,5,43
1224,1224,Others,5,40
1225,1225,Silver,5,35
1226,1226,White,5,35
1227,1227,White,5,52
1228,1228,White,5,75
1229,1229,White,5,50
1230,1230,Grey,7,45
1231,1231,Grey,5,42
1232,1232,Black,5,83
1233,1233,Red,5,60
1234,1234,Blue,7,45
1235,1235,Blue,5,37
1236,1236,White,7,80
1237,1237,Black,5,57
1238,1238,Silver,5,50
1239,1239,Red,5,45
1240,1240,White,5,71
1241,1241,Grey,5,50
1242,1242,Grey,5,66
1243,1243,Grey,5,42
1244,1244,White,7,42
1245,1245,Silver,5,35
1246,1246,Grey,5,35
1247,1247,Blue,5,82.5
1248,1248,White,5,66
1249,1249,White,7,64
1250,1250,Silver,5,60
1251,1251,Grey,5,66
1252,1252,White,5,42
1253,1253,White,5,35
1254,1254,Grey,5,60
1255,1255,Black,5,73
1256,1256,White,5,35
1257,1257,Blue,5,37
1258,1258,Silver,5,28
1259,1259,White,5,48
1260,1260,White,5,42
1261,1261,Silver,5,60
1262,1262,White,7,65
1263,1263,White,5,60
1264,1264,White,5,55
1265,1265,White,5,43
1266,1266,White,5,50
1267,1267,Grey,5,35
1268,1268,White,5,43
1269,1269,Gold,5,35
1270,1270,Red,5,73
1271,1271,White,5,43
1272,1272,Silver,5,40
1273,1273,Red,5,40
1274,1274,Silver,5,42
1275,1275,White,5,51
1276,1276,Grey,2,54
1277,1277,Gold,5,43
1278,1278,Blue,5,35
1279,1279,White,7,63
1280,1280,White,5,45
1281,1281,Silver,5,60
1282,1282,Silver,5,40
1283,1283,Grey,5,80
1284,1284,White,5,73
1285,1285,White,5,35
1286,1286,Blue,5,63
1287,1287,Grey,5,35
1288,1288,Red,5,37
1289,1289,White,5,50
1290,1290,Grey,5,45
1291,1291,Black,5,45
1292,1292,Brown,5,66
1293,1293,White,7,80
1294,1294,Grey,5,35
1295,1295,Blue,5,73
1296,1296,White,7,80
1297,1297,Brown,5,65
1298,1298,Grey,5,48
1299,1299,Black,7,73
1300,1300,White,7,60
1301,1301,Maroon,5,45
1302,1302,Blue,5,66
1303,1303,White,5,35
1304,1304,White,5,50
1305,1305,White,7,60
1306,1306,White,4,105
1307,1307,White,7,80
1308,1308,Black,5,60
1309,1309,White,7,45
1310,1310,White,7,65
1311,1311,White,5,43
1312,1312,Blue,5,66
1313,1313,Blue,5,73
1314,1314,Black,5,105
1315,1315,Silver,5,43
1316,1316,Silver,6,60
1317,1317,White,5,40
1318,1318,Silver,5,60
1319,1319,Red,5,37
1320,1320,Grey,5,43
1321,1321,Red,5,45
1322,1322,White,7,60
1323,1323,White,5,77
1324,1324,Silver,5,35
1325,1325,White,5,37
1326,1326,White,5,70
1327,1327,Silver,5,35
1328,1328,Silver,7,80
1329,1329,Blue,5,45
1330,1330,Silver,5,43
1331,1331,White,5,35
1332,1332,White,5,50
1333,1333,Grey,6,45
1334,1334,Black,5,50
1335,1335,White,5,73
1336,1336,White,5,66
1337,1337,White,7,80
1338,1338,Silver,5,35
1339,1339,White,5,60
1340,1340,White,7,55
1341,1341,Blue,4,90
1342,1342,Silver,5,40
1343,1343,Brown,6,100
1344,1344,Red,5,32
1345,1345,Blue,5,64
1346,1346,Bronze,5,40
1347,1347,White,5,42
1348,1348,White,5,52
1349,1349,White,5,57
1350,1350,White,5,45
1351,1351,Red,5,28
1352,1352,Silver,5,43
1353,1353,Grey,5,55
1354,1354,White,5,93
1355,1355,White,5,66
1356,1356,White,5,50
1357,1357,White,7,65
1358,1358,Black,5,43
1359,1359,Silver,5,52
1360,1360,Grey,5,48
1361,1361,White,7,55
1362,1362,White,5,50
1363,1363,Yellow,5,48
1364,1364,Others,5,42
1365,1365,White,5,28
1366,1366,Grey,5,45
1367,1367,Silver,5,32
1368,1368,White,5,35
1369,1369,White,5,55
1370,1370,White,5,82.5
1371,1371,White,7,90
1372,1372,Black,5,66
1373,1373,White,5,35
1374,1374,White,5,35
1375,1375,Silver,5,40
1376,1376,Black,7,70
1377,1377,White,5,70
1378,1378,White,5,63
1379,1379,White,7,60
1380,1380,Grey,7,45
1381,1381,Red,5,50
1382,1382,Brown,5,43
1383,1383,Grey,5,43
1384,1384,Silver,5,35
1385,1385,White,7,60
1386,1386,Red,5,48
1387,1387,Grey,5,35
1388,1388,Orange,5,63
1389,1389,Blue,5,65
1390,1390,Silver,5,35
1391,1391,Brown,5,40
1392,1392,White,8,55
1393,1393,White,4,50
1394,1394,Red,5,48
1395,1395,Grey,5,55
1396,1396,Red,5,35
1397,1397,White,5,50
1398,1398,Silver,5,73
1399,1399,Blue,5,65
1400,1400,White,5,60
1401,1401,Brown,5,66
1402,1402,White,5,32
1403,1403,Black,6,60
1404,1404,Blue,7,73
1405,1405,White,5,57
1406,1406,Grey,4,60
1407,1407,Silver,5,43
1408,1408,White,5,40
1409,1409,Silver,5,35
1410,1410,White,8,60
1411,1411,White,5,42
1412,1412,White,5,67
1413,1413,Red,5,35
1414,1414,Brown,5,45
1415,1415,Grey,5,42
1416,1416,White,5,60
1417,1417,White,5,44
1418,1418,Silver,7,45
1419,1419,Red,7,70
1420,1420,Blue,5,60
1421,1421,White,5,37
1422,1422,White,5,60
1423,1423,Blue,5,48
1424,1424,White,5,35
1425,1425,White,5,45
1426,1426,Silver,5,35
1427,1427,Red,5,50
1428,1428,Brown,5,65
1429,1429,Blue,5,65
1430,1430,White,5,35
1431,1431,White,7,40
1432,1432,Gold,7,55
1433,1433,Bronze,5,65
1434,1434,Brown,5,40
1435,1435,White,7,55
1436,1436,Silver,5,48
1437,1437,White,5,40
1438,1438,White,5,35
1439,1439,White,7,73
1440,1440,Red,5,35
1441,1441,Silver,5,63
1442,1442,Grey,4,57
1443,1443,Red,7,73
1444,1444,White,5,50
1445,1445,White,4,66
1446,1446,Black,7,70
1447,1447,White,7,60
1448,1448,White,5,70
1449,1449,Black,4,57
1450,1450,Grey,5,73
1451,1451,Grey,5,60
1452,1452,Blue,5,66
1453,1453,Red,5,60
1454,1454,Blue,4,57
1455,1455,Silver,5,45
1456,1456,Blue,5,63
1457,1457,Silver,5,70
1458,1458,White,5,50
1459,1459,Grey,5,43
1460,1460,White,7,75
1461,1461,Grey,5,60
1462,1462,Others,5,48
1463,1463,Brown,5,35
1464,1464,Silver,5,35
1465,1465,White,5,51
1466,1466,Black,5,63
1467,1467,Black,5,75
1468,1468,White,5,48
1469,1469,Gold,5,42
1470,1470,Silver,5,42
1471,1471,Bronze,5,55
1472,1472,Maroon,5,41
1473,1473,Silver,5,35
1474,1474,White,5,57
1475,1475,White,8,55
1476,1476,White,5,42
1477,1477,White,5,42
1478,1478,Brown,5,50
1479,1479,Red,5,35
1480,1480,Silver,5,35
1481,1481,Silver,5,32
1482,1482,Black,5,64
1483,1483,White,5,45
1484,1484,White,5,37
1485,1485,Black,5,60
1486,1486,Grey,7,75
1487,1487,White,5,43
1488,1488,Red,5,44
1489,1489,Beige,5,43
1490,1490,White,5,35
1491,1491,White,5,43
1492,1492,Red,5,35
1493,1493,Silver,5,42
1494,1494,White,5,66
1495,1495,Silver,5,42
1496,1496,Silver,5,42
1497,1497,Blue,5,50
1498,1498,White,5,37
1499,1499,Red,5,45
1500,1500,Grey,5,43
1501,1501,Black,5,50
1502,1502,White,5,50
1503,1503,Blue,5,66
1504,1504,White,5,43
1505,1505,Grey,5,60
1506,1506,White,5,35
1507,1507,White,5,35
1508,1508,White,5,43
1509,1509,White,7,80
1510,1510,White,7,70
1511,1511,Grey,5,50
1512,1512,White,8,60
1513,1513,White,5,35
1514,1514,White,5,45
1515,1515,Grey,7,80
1516,1516,Grey,5,55
1517,1517,White,5,40
1518,1518,Red,5,35
1519,1519,Silver,5,60
1520,1520,Blue,5,80
1521,1521,Blue,5,55
1522,1522,White,5,43
1523,1523,Grey,5,43
1524,1524,Black,7,80
1525,1525,Silver,5,43
1526,1526,Black,5,55
1527,1527,White,5,32
1528,1528,White,5,73
1529,1529,Grey,5,35
1530,1530,Brown,5,55
1531,1531,Maroon,5,48
1532,1532,White,5,50
1533,1533,Red,5,37
1534,1534,Black,5,73
1535,1535,Brown,5,45
1536,1536,Black,5,66
1537,1537,Orange,5,45
1538,1538,White,5,52
1539,1539,Red,5,28
1540,1540,White,5,43
1541,1541,Silver,7,78
1542,1542,Blue,5,63
1543,1543,Gold,7,55
1544,1544,Brown,5,50
1545,1545,Bronze,5,37
1546,1546,Blue,7,75
1547,1547,Grey,5,42
1548,1548,White,5,45
1549,1549,White,5,40
1550,1550,Silver,5,50
1551,1551,Silver,5,80
1552,1552,Green,5,43
1553,1553,Red,5,50
1554,1554,Blue,5,35
1555,1555,White,5,43
1556,1556,Silver,5,43
1557,1557,White,5,42
1558,1558,Black,5,57
1559,1559,White,7,80
1560,1560,White,5,60
1561,1561,Black,5,50
1562,1562,Gold,7,55
1563,1563,Red,5,45
1564,1564,Grey,5,66
1565,1565,Red,5,43
1566,1566,Blue,7,65
1567,1567,White,7,55
1568,1568,Grey,7,45
1569,1569,Grey,5,41
1570,1570,White,5,35
1571,1571,Silver,5,45
1572,1572,White,5,35
1573,1573,White,5,43
1574,1574,Grey,5,55
1575,1575,Silver,5,73
1576,1576,Maroon,5,55
1577,1577,White,7,90
1578,1578,White,5,75
1579,1579,White,5,40
1580,1580,White,5,75
1581,1581,Orange,5,43
1582,1582,White,5,43
1583,1583,Blue,5,55
1584,1584,Red,5,73
1585,1585,White,7,70
1586,1586,Grey,5,42
1587,1587,Silver,5,45
1588,1588,White,5,62
1589,1589,Silver,5,42
1590,1590,Silver,5,42
1591,1591,White,5,35
1592,1592,Black,5,42
1593,1593,White,5,60
1594,1594,Silver,5,35
1595,1595,White,7,60
1596,1596,Silver,5,52
1597,1597,Silver,5,35
1598,1598,White,5,54
1599,1599,Orange,5,35
1600,1600,Silver,5,48
1601,1601,Silver,5,66
1602,1602,Others,5,48
1603,1603,Blue,7,45
1604,1604,Black,5,80
1605,1605,Black,5,66
1606,1606,White,5,75
1607,1607,Silver,5,40
1608,1608,Red,5,50
1609,1609,Gold,5,70
1610,1610,Silver,5,45
1611,1611,White,7,45
1612,1612,Blue,5,65
1613,1613,Brown,5,35
1614,1614,Grey,5,43
1615,1615,Grey,5,48
1616,1616,White,5,43
1617,1617,Silver,7,100
1618,1618,Black,5,65
1619,1619,Silver,5,45
1620,1620,White,8,60
1621,1621,White,5,63
1622,1622,Silver,5,32
1623,1623,Silver,5,50
1624,1624,White,7,45
1625,1625,Grey,5,43
1626,1626,Red,5,45
1627,1627,White,5,55
1628,1628,White,5,60
1629,1629,Silver,7,55
1630,1630,Grey,7,65
1631,1631,Grey,5,28
1632,1632,White,7,73
1633,1633,Silver,7,45
1634,1634,Black,5,35
1635,1635,Brown,7,73
1636,1636,Grey,5,43
1637,1637,Silver,7,55
1638,1638,Grey,5,93
1639,1639,White,5,43
1640,1640,White,5,37
1641,1641,Silver,5,35
1642,1642,White,7,70
1643,1643,Black,5,63
1644,1644,Brown,5,43
1645,1645,Blue,5,37
1646,1646,Silver,5,35
1647,1647,White,7,60
1648,1648,White,7,80
1649,1649,Silver,5,43
1650,1650,Gold,5,55
1651,1651,White,5,37
1652,1652,Silver,7,55
1653,1653,Blue,5,43
1654,1654,White,5,44
1655,1655,White,5,40
1656,1656,White,5,35
1657,1657,Red,7,73
1658,1658,Red,5,81
1659,1659,White,5,42
1660,1660,Blue,5,45
1661,1661,Silver,5,42
1662,1662,Red,5,35
1663,1663,White,8,60
1664,1664,White,5,45
1665,1665,Bronze,5,35
1666,1666,White,5,35
1667,1667,Bronze,5,45
1668,1668,Red,5,60
1669,1669,Brown,5,35
1670,1670,Red,5,35
1671,1671,Silver,5,35
1672,1672,White,5,43
1673,1673,Black,5,93
1674,1674,Grey,5,42
1675,1675,Silver,5,50
1676,1676,Silver,5,65
1677,1677,Blue,5,35
1678,1678,White,5,73
1679,1679,Blue,5,65
1680,1680,White,5,35
1681,1681,Bronze,5,40
1682,1682,White,5,50
1683,1683,Maroon,5,73
1684,1684,Black,5,65
1685,1685,White,5,42
1686,1686,Brown,5,63
1687,1687,Red,5,40
1688,1688,Blue,7,65
1689,1689,White,5,64
1690,1690,Black,5,65
1691,1691,Silver,8,55
1692,1692,White,5,52
1693,1693,Silver,5,43
1694,1694,White,5,45
1695,1695,Silver,5,45
1696,1696,Red,4,57
1697,1697,White,5,48
1698,1698,Grey,5,35
1699,1699,White,5,35
1700,1700,White,5,83
1701,1701,Grey,7,70
1702,1702,Silver,5,35
1703,1703,Silver,5,42
1704,1704,Silver,5,45
1705,1705,White,5,66
1706,1706,White,5,63
1707,1707,White,5,42
1708,1708,White,5,45
1709,1709,Grey,5,35
1710,1710,Silver,4,57
1711,1711,Grey,5,32
1712,1712,Black,7,80
1713,1713,White,7,80
1714,1714,White,5,66
1715,1715,Grey,5,37
1716,1716,White,5,50
1717,1717,Silver,5,35
1718,1718,Red,5,50
1719,1719,Black,5,65
1720,1720,Grey,5,40
1721,1721,Grey,5,45
1722,1722,White,5,60
1723,1723,Black,5,60
1724,1724,Grey,5,50
1725,1725,Yellow,4,60.9
1726,1726,White,5,50
1727,1727,Silver,5,35
1728,1728,White,5,66
1729,1729,White,7,80
1730,1730,Brown,5,35
1731,1731,White,8,55
1732,1732,Silver,6,57
1733,1733,Blue,5,35
1734,1734,Black,5,42
1735,1735,Red,5,50
1736,1736,White,8,60
1737,1737,White,5,45
1738,1738,White,5,35
1739,1739,White,5,48
1740,1740,Blue,5,42
1741,1741,White,7,45
1742,1742,White,5,73
1743,1743,White,6,83
1744,1744,Grey,5,55
1745,1745,White,5,28
1746,1746,Grey,5,45
1747,1747,Black,5,54
1748,1748,Blue,5,61
1749,1749,White,7,80
1750,1750,Blue,5,60
1751,1751,White,7,60
1752,1752,Silver,5,50
1753,1753,Silver,5,43
1754,1754,White,5,40
1755,1755,White,7,55
1756,1756,White,5,43
1757,1757,White,5,43
1758,1758,Brown,5,40
1759,1759,White,8,60
1760,1760,Silver,5,42
1761,1761,White,5,37
1762,1762,Green,7,63
1763,1763,Silver,7,70
1764,1764,White,5,37
1765,1765,Grey,5,43
1766,1766,White,5,55
1767,1767,Yellow,4,44
1768,1768,Red,5,45
1769,1769,Silver,4,80
1770,1770,White,5,40
1771,1771,Black,5,93
1772,1772,White,5,73
1773,1773,Blue,5,42
1774,1774,Blue,5,42
1775,1775,White,5,60
1776,1776,White,5,70
1777,1777,Blue,5,67
1778,1778,Blue,8,60
1779,1779,White,7,71
1780,1780,White,5,75
1781,1781,Black,5,93
1782,1782,Black,5,66
1783,1783,Grey,5,28
1784,1784,White,5,50
1785,1785,Black,4,57
1786,1786,Red,5,35
1787,1787,White,5,35
1788,1788,Red,6,57
1789,1789,Blue,7,45
1790,1790,Grey,7,70
1791,1791,White,7,80
1792,1792,Silver,5,43
1793,1793,White,5,60
1794,1794,Blue,5,43
1795,1795,White,5,66
1796,1796,White,5,80
1797,1797,Red,7,55
1798,1798,White,5,35
1799,1799,Black,5,60
1800,1800,Grey,5,48
1801,1801,Silver,5,35
1802,1802,White,5,35
1803,1803,Red,5,90
1804,1804,Blue,5,75
1805,1805,Black,5,45
1806,1806,White,7,55
1807,1807,Brown,5,40
1808,1808,White,5,42
1809,1809,White,5,50
1810,1810,Silver,7,70
1811,1811,White,5,43
1812,1812,Blue,6,60
1813,1813,Blue,5,64
1814,1814,Blue,5,50
1815,1815,White,5,73
1816,1816,Silver,5,63
1817,1817,White,5,43
1818,1818,Gold,5,48
1819,1819,White,5,55
1820,1820,Blue,5,37
1821,1821,Silver,5,42
1822,1822,White,8,55
1823,1823,White,7,60
1824,1824,Silver,7,70
1825,1825,Blue,5,37
1826,1826,Gold,5,40
1827,1827,Maroon,7,55
1828,1828,White,5,40
1829,1829,Bronze,5,28
1830,1830,White,5,42
1831,1831,White,5,54
1832,1832,Black,5,50
1833,1833,White,7,50
1834,1834,White,5,50
1835,1835,White,7,80
1836,1836,Maroon,5,43
1837,1837,White,5,75
1838,1838,Grey,5,40
1839,1839,Maroon,7,70
1840,1840,White,5,66
1841,1841,Brown,5,73
1842,1842,White,5,50
1843,1843,Red,5,28
1844,1844,Grey,5,50
1845,1845,Black,5,55
1846,1846,Brown,5,40
1847,1847,Red,5,44
1848,1848,White,5,45
1849,1849,White,7,70
1850,1850,Grey,7,45
1851,1851,White,5,43
1852,1852,Silver,7,42
1853,1853,White,7,60
1854,1854,Maroon,5,48
1855,1855,White,5,60
1856,1856,Red,5,35
1857,1857,White,5,50
1858,1858,Gold,5,42
1859,1859,White,5,43
1860,1860,White,5,73
1861,1861,Grey,7,55
1862,1862,White,5,43
1863,1863,White,5,55
1864,1864,White,5,43
1865,1865,White,5,35
1866,1866,Grey,5,73
1867,1867,White,5,43
1868,1868,White,5,40
1869,1869,Yellow,5,44
1870,1870,Black,5,75
1871,1871,White,7,50
1872,1872,Silver,5,50
1873,1873,Blue,5,37
1874,1874,Silver,8,55
1875,1875,Silver,5,35
1876,1876,White,5,35
1877,1877,Gold,5,35
1878,1878,White,5,45
1879,1879,White,4,78
1880,1880,Brown,5,35
1881,1881,Grey,5,45
1882,1882,White,5,48
1883,1883,White,5,67
1884,1884,Blue,5,64
1885,1885,Silver,5,50
1886,1886,Red,5,32
1887,1887,Gold,5,37
1888,1888,White,8,60
1889,1889,Brown,5,50
1890,1890,Bronze,5,35
1891,1891,White,5,80
1892,1892,Brown,4,57
1893,1893,Silver,5,35
1894,1894,Silver,7,80
1895,1895,Orange,5,35
1896,1896,White,5,38
1897,1897,White,5,37
1898,1898,Brown,5,58
1899,1899,Others,5,73
1900,1900,Red,5,42
1901,1901,White,5,64
1902,1902,Grey,5,35
1903,1903,Brown,5,28
1904,1904,White,5,73
1905,1905,White,5,52
1906,1906,Silver,5,50
1907,1907,Blue,5,73
1908,1908,White,5,43
1909,1909,Brown,5,40
1910,1910,White,5,60
1911,1911,White,5,50
1912,1912,White,5,43
1913,1913,White,5,70
1914,1914,White,5,42
1915,1915,Silver,5,80
1916,1916,Grey,5,50
1917,1917,Others,5,35
1918,1918,White,7,45
1919,1919,White,7,80
1920,1920,White,5,56
1921,1921,Grey,7,80
1922,1922,White,5,55
1923,1923,White,5,37
1924,1924,White,5,54
1925,1925,Blue,5,43
1926,1926,White,5,40
1927,1927,White,5,35
1928,1928,White,5,42
1929,1929,White,5,73
1930,1930,White,5,35
1931,1931,Grey,5,43
1932,1932,Grey,5,32
1933,1933,White,5,75
1934,1934,White,7,60
1935,1935,Red,5,35
1936,1936,Silver,5,44
1937,1937,White,5,42
1938,1938,Silver,5,35
1939,1939,Grey,5,60
1940,1940,Green,7,73
1941,1941,White,5,60
1942,1942,Silver,5,35
1943,1943,Orange,6,35
1944,1944,Silver,5,40
1945,1945,White,7,73
1946,1946,Black,5,43
1947,1947,Red,5,35
1948,1948,Blue,5,45
1949,1949,White,5,55
1950,1950,Red,5,35
1951,1951,Brown,6,45
1952,1952,Brown,7,45
1953,1953,White,7,73
1954,1954,Red,5,28
1955,1955,Grey,5,37
1956,1956,Grey,5,45
1957,1957,Bronze,5,28
1958,1958,Silver,7,65
1959,1959,White,5,41
1960,1960,Black,5,93
1961,1961,White,5,35
1962,1962,White,5,48
1963,1963,Grey,5,42
1964,1964,Blue,5,35
1965,1965,White,5,43
1966,1966,Blue,5,42
1967,1967,Red,5,56
1968,1968,Grey,4,57
1969,1969,Blue,7,65
1970,1970,Silver,5,52
1971,1971,White,5,80
1972,1972,White,5,77
1973,1973,Black,5,93
1974,1974,White,5,66
1975,1975,White,5,43
1976,1976,Red,5,32
1977,1977,Black,5,52
1978,1978,White,5,66
1979,1979,Maroon,5,43
1980,1980,Blue,5,73
1981,1981,White,5,32
1982,1982,Red,5,28
1983,1983,White,5,55
1984,1984,White,5,42
1985,1985,Silver,5,35
1986,1986,Grey,5,43
1987,1987,White,5,60
1988,1988,Silver,5,40
1989,1989,Bronze,5,50
1990,1990,Silver,5,35
1991,1991,Grey,5,35
1992,1992,White,7,80
1993,1993,Silver,8,55
1994,1994,White,5,48
1995,1995,Silver,5,35
1996,1996,White,5,43
1997,1997,Red,5,48
1998,1998,Purple,5,42
1999,1999,White,5,43
2000,2000,Blue,5,43
2001,2001,Green,5,60
2002,2002,Silver,5,60
2003,2003,Silver,5,42
2004,2004,Silver,5,55
2005,2005,Gold,5,80
2006,2006,White,5,42
2007,2007,White,5,35
2008,2008,Silver,5,80
2009,2009,Blue,7,73
2010,2010,Black,7,73
2011,2011,White,5,54
2012,2012,Grey,5,28
2013,2013,White,5,67
2014,2014,White,5,42
2015,2015,Green,5,47
2016,2016,Bronze,7,70
2017,2017,Black,7,70
2018,2018,White,7,73
2019,2019,White,5,52
2020,2020,Grey,7,73
2021,2021,White,5,50
2022,2022,White,7,80
2023,2023,Grey,5,50
2024,2024,White,7,70
2025,2025,White,7,55
2026,2026,Beige,7,73
2027,2027,Red,5,45
2028,2028,Blue,5,32
2029,2029,White,5,40
2030,2030,Silver,5,45
2031,2031,Maroon,5,45
2032,2032,Silver,5,42
2033,2033,White,5,73
2034,2034,Black,5,80
2035,2035,White,5,42
2036,2036,Brown,5,35
2037,2037,White,7,80
2038,2038,Grey,5,40
2039,2039,Silver,5,60
2040,2040,White,5,50
2041,2041,Brown,5,40
2042,2042,White,5,66
2043,2043,Silver,5,42
2044,2044,Silver,5,66
2045,2045,Blue,7,60
2046,2046,Grey,5,35
2047,2047,Maroon,5,48
2048,2048,Grey,5,40
2049,2049,White,5,43
2050,2050,Black,5,100
2051,2051,White,5,60
2052,2052,White,5,48
2053,2053,Silver,5,45
2054,2054,White,5,43
2055,2055,White,7,70
2056,2056,White,5,32
2057,2057,Silver,5,45
2058,2058,White,5,65
2059,2059,White,7,73
